partition,mol,smiles,strength,absorption,E_S1_eV,E_T1_eV,E_ST_eV,f_osc_S1
partition_0,mol0001,CC1(C)c2ccccc2N(c2ccc(/C=C(/C#N)C(=O)O)cc2)c2ccccc21,0,0,3.118300,2.033600,1.084700,1.762547
partition_0,mol0002,CCCCCCC1(CCCCCC)c2cc(-c3cc4c5c(c3)C(C)(C)CCN5CCC4(C)C)ccc2-c2ccc(N3c4ccccc4Oc4ccccc43)cc21,0,0,3.066000,2.692500,0.373500,0.019774
partition_0,mol0003,CC1(C)c2ccccc2N(c2cccc(C3CCCC3)c2)c2ccc(N(c3ccccc3)c3ccccc3)cc21,0,0,3.742000,3.228100,0.513900,0.033116
partition_0,mol0004,c1ccc(N(c2ccccc2)c2ccc3c(c2)Oc2ccccc2N3c2cccc(C3CCCC3)c2)cc1,0,0,3.024300,2.648900,0.375400,0.115084
partition_0,mol0005,Cc1cc(-c2ccccc2)c2ccccc2c1,0,0,4.184300,3.344000,0.840300,0.005298
partition_0,mol0006,CCCC1(C)c2cc(N3c4ccccc4Oc4ccccc43)ccc2-c2ccc(N3c4ccccc4Oc4ccccc43)cc21,0,0,3.224800,2.829000,0.395800,0.010807
partition_0,mol0007,CCCC1(C)c2cc(N3c4ccccc4C(C)(C)c4ccccc43)ccc2-c2ccc(N3c4ccccc4C(C)(C)c4ccccc43)cc21,0,0,3.992600,3.442900,0.549700,0.072529
partition_0,mol0008,Cc1cc(C)cc(N2c3ccccc3N(c3nc(-c4ccccc4)nc(N4c5ccccc5N(c5ccccc5)c5ccccc54)n3)c3ccccc32)c1,0,0,3.523500,3.120700,0.402800,0.494864
partition_0,mol0009,CCCCCC1(C)c2cc(N3c4ccccc4Oc4ccccc43)ccc2-c2ccc(N3c4ccccc4Oc4ccccc43)cc21,0,0,3.219500,2.824000,0.395500,0.024477
partition_0,mol0010,CC1(C)c2ccccc2N(c2ccc(C3CCCC3)nn2)c2ccc(N(c3ccccc3)c3ccccc3)cc21,0,0,3.501300,3.162100,0.339200,0.009637
partition_0,mol0011,Cl,0,0,7.530300,7.530300,0.000000,0.001200
partition_0,mol0012,N#CC1=CC(=O)[CH]C1,0,0,1.494100,1.494100,0.000000,0.000113
partition_0,mol0013,c1ccc2c(c1)Sc1cc(-n3c4ccccc4c4ccccc43)ccc1N2c1ccc(C2CCCC2)cc1,0,0,3.210500,2.825200,0.385300,0.213585
partition_0,mol0014,CC1(C)c2cc(N3c4ccccc4Oc4ccccc43)ccc2-c2ccc(N3c4ccccc4Oc4ccccc43)cc21,0,0,3.220300,2.824000,0.396300,0.029494
partition_0,mol0015,c1cc(C2CCCC2)cc(N2c3ccc(N4c5ccccc5Oc5ccccc54)cc3Oc3cc(N4c5ccccc5Oc5ccccc54)ccc32)c1,0,0,3.084900,2.715200,0.369700,0.115189
partition_0,mol0016,Cc1cc(C)cc(N2c3ccccc3Oc3ccccc32)c1,0,0,3.036400,2.662000,0.374400,0.019513
partition_0,mol0017,CC1=N/C(=N\c2ccc(N3c4ccccc4Sc4ccccc43)cc2)c2ccccc21,0,0,2.894500,1.809200,1.085300,2.135939
partition_0,mol0018,Cc1cc(C)cc(N2c3ccccc3N(c3ccccc3)c3ccccc32)c1,0,0,2.568000,2.316300,0.251700,0.001955
partition_0,mol0019,CCCCCC1(C)c2cc(N3c4ccccc4Sc4ccccc43)ccc2-c2ccc(N3c4ccccc4Sc4ccccc43)cc21,0,0,3.343200,2.922400,0.420800,0.098796
partition_0,mol0020,O=C1C=C(c2ccccc2)C(=O)C1,0,0,2.773100,2.612800,0.160300,0.005665
partition_0,mol0021,Cc1cc(CN(c2ccccc2)c2ccccc2)c2ccccc2c1,0,0,4.033100,3.387300,0.645800,0.063523
partition_0,mol0022,CC1=N/C(=N\c2ccc(N3c4ccccc4Sc4ccccc43)cc2)S1,0,0,3.305500,2.387200,0.918300,1.515126
partition_0,mol0023,c1ccc2c(c1)Oc1ccccc1N2c1ccc2sccc2c1,0,0,3.050100,2.676500,0.373600,0.015406
partition_0,mol0024,O=c1sc2cc(N3c4ccccc4Oc4ccccc43)ccc2c2ccc(N3c4ccccc4Oc4ccccc43)cc12,0,0,3.013000,2.841900,0.171100,0.329200
partition_0,mol0025,c1ccc2c(c1)Oc1ccccc1N2c1ccc2c(c1)Oc1ccccc1N2c1ccc(C2CCCC2)cc1,0,0,3.122400,2.733700,0.388700,0.054899
partition_0,mol0026,F,0,0,10.916200,10.916300,-0.000100,0.001378
partition_0,mol0027,c1cnc(C2CCC(c3cc(C4CCCC4)cc(N4c5ccccc5Oc5ccccc54)c3)CC2)nc1,0,0,3.048600,2.674800,0.373800,0.022281
partition_0,mol0028,CCCCCC1(C)c2cc(-c3ccc(C=C(C#N)C(=O)O)cc3)ccc2-c2ccc(N3c4ccccc4C(C)(C)c4ccccc43)cc21,0,0,3.660700,2.751500,0.909200,2.180253
partition_0,mol0029,Cc1cc(-c2ccc(N(C)C)cc2)cc(C)c1N1c2ccccc2Oc2ccccc21,0,0,2.991600,2.622300,0.369300,0.014768
partition_0,mol0030,CC1(C)c2ccccc2N(C2CCC(c3cc(-c4ccccc4)cc(C4CCCC4)c3)CC2)c2ccc(N(c3ccccc3)c3ccccc3)cc21,0,0,3.742800,3.279200,0.463600,0.092844
partition_0,mol0031,CCCC1(C)c2cc(N3c4ccccc4Sc4ccccc43)ccc2-c2ccc(N3c4ccccc4Sc4ccccc43)cc21,0,0,3.381500,2.977400,0.404100,0.117710
partition_0,mol0032,Cc1cc(N2c3ccccc3Oc3ccccc32)cc(C)c1C#N,0,0,3.138300,2.765900,0.372400,0.017284
partition_0,mol0033,Cc1cc(C(=O)c2ccccc2)cc(N2c3ccccc3N(c3ccccc3)c3ccccc32)c1,0,0,2.507600,2.273000,0.234600,0.000569
partition_0,mol0034,CC1(C)c2ccccc2-c2ccc(N3c4ccccc4Sc4ccccc43)cc21,0,0,3.270200,2.873800,0.396400,0.086195
partition_0,mol0035,N#Cc1cccc(N2c3ccccc3Oc3ccccc32)c1,0,0,3.122800,2.749900,0.372900,0.015886
partition_0,mol0036,Cc1cc(CN2c3ccccc3N(c3ccccc3)c3ccccc32)c2ccccc2c1,0,0,2.584600,2.353100,0.231500,0.000035
partition_0,mol0037,Cc1cc(C)cc(N2c3ccccc3Sc3ccccc32)c1,0,0,3.197000,2.802700,0.394300,0.074352
partition_0,mol0038,Cc1ccc2ccccc2c1,0,0,4.261200,3.446600,0.814600,0.003771
partition_0,mol0039,Cc1cc2ccccc2c2ccccc12,0,0,3.950200,3.497800,0.452400,0.000213
partition_0,mol0040,Cc1cc(N2c3ccccc3N(c3ccccc3)c3ccccc32)c2ccccc2c1,0,0,2.451300,2.216800,0.234500,0.000113
partition_0,mol0041,N#Cc1cc(C#N)c(C#N)cc1C#N,0,0,4.452900,4.009100,0.443800,0.043247
partition_0,mol0042,N#CC1=CCC=C1,0,0,4.303300,2.941100,1.362200,0.112024
partition_0,mol0043,Cc1cc(N2c3ccccc3N(c3c(C)cccc3C)c3ccccc32)cc(S(=O)(=O)c2ccccc2)c1,0,0,2.558700,2.310100,0.248600,0.000362
partition_0,mol0044,CC(=O)c1cc(C)cc(N2c3ccccc3N(c3ccccc3)c3ccccc32)c1,0,0,2.513500,2.293400,0.220100,0.016942
partition_0,mol0045,O=c1ccc2c(=O)c3ccccc3c(=O)c1=2,0,0,1.572600,0.944000,0.628600,0.016005
partition_0,mol0046,N#Cc1cc(C#N)c(C#Cc2ccc(N(c3ccccc3)c3ccccc3)cc2)cc1C#N,0,0,3.114200,2.519900,0.594300,1.828759
partition_0,mol0047,CC1=Cc2c(N3c4ccccc4Sc4ccccc43)ccc3cccc1c23,0,0,2.493100,2.177700,0.315400,0.046666
partition_0,mol0048,Cc1ccc2c3ccc(C(=O)c4ccccc4)cc3c3nc(N4c5ccccc5Oc5ccccc54)c(C(=O)c4ccccc4)nc3c2c1,0,0,2.431400,2.272800,0.158600,0.032701
partition_0,mol0049,c1ccc(N(c2ccccc2)c2ccc3c(c2)Oc2ccccc2N3c2ccc(C3CCCC3)cc2)cc1,0,0,3.023400,2.646500,0.376900,0.119207
partition_0,mol0050,O=c1oc2cc3c(cc2c2c1oc1cc(N4c5ccccc5Sc5ccccc54)ccc12)oc1cc(N2c4ccccc4Sc4ccccc42)ccc13,0,0,3.343900,2.550600,0.793300,1.873326
partition_0,mol0051,CC1(C)c2ccccc2N(c2ccc(-c3ncc(C#N)cn3)cc2)c2ccccc21,0,0,3.320700,2.523300,0.797400,1.723467
partition_0,mol0052,CC1(C)c2cc(N3c4ccccc4C(C)(C)c4ccccc43)ccc2-c2ccc(N3c4ccccc4C(C)(C)c4ccccc43)cc21,0,0,3.990400,3.424000,0.566400,0.009111
partition_0,mol0053,O=C1C=C(O)C(c2ccccc2)=C1,0,0,1.611100,1.055700,0.555400,0.000309
partition_0,mol0054,O=[N+]([O-])C(=CNc1ccc(/N=N/c2ccccc2)cc1)[N+](=O)[O-],0,0,1.583000,1.490100,0.092900,0.072181
partition_0,mol0055,CC1=CC2=C(c3ccc(C(=O)ON4C(=O)CCC4=O)cc3)c3ccc(N4CCCC4)n3[B-](F)(F)[N+]2=C1,0,0,2.748500,1.272700,1.475800,1.135975
partition_0,mol0056,c1cc(C2CCCC2)cc(N2c3ccccc3Oc3cc(N4c5ccccc5Oc5ccccc54)ccc32)c1,0,0,3.130200,2.739300,0.390900,0.065793
partition_0,mol0057,c1ccc2c(c1)Oc1ccccc1N2c1ccc2ncoc2c1,0,0,3.106100,2.731900,0.374200,0.017978
partition_0,mol0058,Cc1cc2ccc3ccc4ccc5ccc1c2c3c45,0,0,1.393700,1.236800,0.156900,0.007574
partition_0,mol0059,CC1(C)c2ccccc2N(c2ccc3c(c2)P(=O)(c2ccccc2)c2cc(N4c5ccccc5C(C)(C)c5ccccc54)ccc2-3)c2ccccc21,0,0,3.828500,3.473200,0.355300,0.176534
partition_0,mol0060,Cc1cc(-c2c(C)cc(C)c(N3c4ccccc4N(c4ccccc4)c4ccccc43)c2C)c2ccccc2c1,0,0,2.434800,2.207700,0.227100,0.000116
partition_0,mol0061,COP(=O)(OCc1cccc(C(=O)Cn2c3ccccc3c(=O)c3ccccc32)c1)OP(=O)(O)OCCNC(=O)C(N)CC(C)=O,0,0,3.558800,3.099200,0.459600,0.006201
partition_0,mol0062,[O]C1=Cc2ccc3c4c(ccc1c24)C=C3,0,1,1.965200,1.965200,0.000000,0.006961
partition_0,mol0063,CC1CCc2cc(N3c4ccccc4C(C)(C)c4ccccc43)ccc21,0,1,3.965600,3.375700,0.589900,0.066053
partition_0,mol0064,O=Cc1ccc2c(c1)C(=O)c1cc(N3CCCCC3)ccc1-2,0,1,1.971600,1.528400,0.443200,0.146227
partition_0,mol0065,CCCC1(C)c2cc(C#CC3=CC=c4ccc5c6c3ccc(c46)C=CC=5)ccc2-c2ccc(C#Cc3ccc4ccc5cccc6ccc3c4c56)cc21,0,1,2.239400,1.460700,0.778700,0.111874
partition_0,mol0066,FC(F)(F)c1ccc(-c2cc(-c3ccc(C(F)(F)F)cc3)cc(C3CCCC3)c2)cc1,0,1,4.570000,4.178800,0.391200,0.007689
partition_0,mol0067,C1=CC2=C(c3c4ccccc4cc4ccccc34)C=CC2=C1,0,1,0.630000,0.298100,0.331900,0.001038
partition_0,mol0068,CC(=O)Cc1ccc2ccc3cccc4ccc1c2c34,0,1,3.737300,2.730200,1.007100,0.004206
partition_0,mol0069,N#Cc1cc(/C=N/NC(=O)Cn2c3ccccc3c(=O)c3ccccc32)ccc1O,0,1,3.377400,2.655200,0.722200,0.091193
partition_0,mol0070,O=c1c2ccccc2n(-c2ccc(C3CCCC3)cc2)c2ccccc12,0,1,3.514500,2.692000,0.822500,0.263753
partition_0,mol0071,CCC1(C)c2cc(C#Cc3ccc(/C=C(\C)c4ccccc4)cc3)ccc2-c2ccc(C#Cc3ccc(/C=C(\C)c4ccccc4)cc3)cc21,0,1,3.773200,3.252400,0.520800,5.211871
partition_0,mol0072,CCC1(C)c2cc(C=O)ccc2-c2ccc(N3c4ccccc4Sc4ccccc43)cc21,0,1,3.239000,2.870500,0.368500,0.058919
partition_0,mol0073,CC1(C)c2cc(N3c4ccccc4Sc4ccccc43)ccc2-c2ccc(N3c4ccccc4Sc4ccccc43)cc21,0,1,3.365800,2.958300,0.407500,0.126986
partition_0,mol0074,CCC1(C)c2ccccc2-c2ccc(N3c4ccccc4Sc4cc(C)ccc43)cc21,0,1,3.309400,2.894200,0.415200,0.108485
partition_0,mol0075,C1=Cc2ccc3c4c(ccc1c24)C=C3,0,1,1.622200,1.302100,0.320100,0.000000
partition_0,mol0076,CCC1(C)c2ccccc2N(c2ccc(-c3ccc(C#N)cn3)cc2)c2ccccc21,0,1,3.576600,3.388700,0.187900,0.085854
partition_0,mol0077,CC1(C)c2ccccc2N(C2CCCC2)c2ccccc21,0,1,3.986300,3.521100,0.465200,0.058473
partition_0,mol0078,CCCCC/[NH+]=c1/cc2oc3cc(NCC)c(C)cc3c(-c3ccccc3C(=O)[O-])c-2cc1C,0,1,4.176600,3.723700,0.452900,0.003649
partition_0,mol0079,CCCCCC1(CC)c2ccccc2-c2ccc(-n3c4ccccc4c(=O)c4ccccc43)cc21,0,1,3.478200,2.697900,0.780300,0.364538
partition_0,mol0080,O=c1[nH]c(-c2ccc(-c3ccccc3)cc2)c2c(=O)c(=O)cc1-2,0,1,1.705400,1.311700,0.393700,0.000502
partition_0,mol0081,CC1=Cc2ccc3c4c(ccc1c24)C=C3,0,1,1.610300,1.290900,0.319400,0.000620
partition_0,mol0082,O=Cc1nn(-c2cccc3ccccc23)c(=O)c2ccccc12,0,1,3.627600,2.757700,0.869900,0.122259
partition_0,mol0083,CC1(C)c2ccccc2N(c2cccc(C#N)c2)c2ccccc21,0,1,3.674500,3.405600,0.268900,0.008886
partition_0,mol0084,c1cnc2c(C3CCCC(c4ccc(-c5ccc(C6CCCC6)nn5)nn4)C3)cncc2c1,0,1,3.397200,3.397200,0.000000,0.008391
partition_0,mol0085,CC1(C)CCN2CCC(C)(C)c3cc(-c4ccc(C=C(C#N)C(=O)O)s4)cc1c32,0,1,2.819600,1.660000,1.159600,2.295812
partition_0,mol0086,Cc1cc2ccccc2cc1C,0,1,4.222800,3.423200,0.799600,0.003815
partition_0,mol0087,CCC1(C)c2ccccc2-c2ccc(N3c4ccccc4Sc4ccccc43)cc21,0,1,3.255200,2.858600,0.396600,0.086481
partition_0,mol0088,CC1(C)c2cc(C=O)ccc2-c2ccc(N3c4ccccc4Sc4ccccc43)cc21,0,1,3.220100,2.848000,0.372100,0.060955
partition_0,mol0089,CC(C)(C)c1ccc2c(c1)c1cc(C(C)(C)C)ccc1n2-c1ccc2c(c1)Oc1ccccc1S2,0,1,3.764400,3.355000,0.409400,0.011889
partition_0,mol0090,O=C1NC(=O)C2C=CC=CC2C1=O,0,1,2.866400,2.855300,0.011100,0.002937
partition_0,mol0091,CC1(C)CCc2cc3c(cc21)C(c1ccc(N2c4ccccc4Sc4ccccc42)cc1C(=O)[O-])=c1cc2c4c(c1O3)CCC[N+]=4CCC2,0,1,3.186300,2.838000,0.348300,0.036219
partition_0,mol0092,c1cnc2c(c1)ccc1cc(C3CCCC3)cnc12,0,1,4.074900,3.631300,0.443600,0.005680
partition_0,mol0093,CCCCCCCCCN1c2ccccc2Sc2cc(/C=C(/C#N)C(=O)O)ccc21,0,1,2.355400,1.623200,0.732200,0.530566
partition_0,mol0094,CCCC1(C)c2ccccc2-c2ccc(N3c4ccccc4Sc4ccccc43)cc21,0,1,3.245100,2.848900,0.396200,0.091030
partition_0,mol0095,CC1(C)c2ccccc2N(c2ccc(-c3cc(-c4ccccc4)nc(-c4ccccc4)c3)cc2)c2ccccc21,0,1,3.979200,3.369100,0.610100,0.047849
partition_0,mol0096,c1cnc2c(c1)ccc1ccc(C3CCCC3)nc12,0,1,4.079200,3.602100,0.477100,0.005511
partition_0,mol0097,c1cc2ccc3cccc4ccc(c1)c2c34,0,1,3.777700,2.781400,0.996300,0.002612
partition_0,mol0098,c1ccc(-n2c3ccc(-c4cccc(C5CCCC5)c4)cc3c3cc(-c4ccc5c6ccccc6n(-c6ccccc6)c5c4)ccc32)cc1,0,1,3.786700,3.380100,0.406600,0.112547
partition_0,mol0099,CCCCCCCCCCCN1c2ccc(C=O)cc2CCC1(C)C,0,1,3.870400,2.679000,1.191400,0.798681
partition_0,mol0100,CC1(C)c2cccc(C3=C4C=CC=C4C=C3)c2Oc2c1ccc1cc3ccccc3cc21,0,1,0.742200,0.393700,0.348500,0.001275
partition_0,mol0101,CC1c2ccccc2N(c2ccc(-c3nc(-c4ccccc4)c(-c4ccccc4)[nH]3)cc2)c2ccccc21,0,1,3.959000,3.218900,0.740100,0.896934
partition_0,mol0102,CCCCCn1c2c(c3cc(C#Cc4ccc5ccc6cccc7ccc4c5c67)ccc31)C(C)(CCC)c1ccccc1-2,0,1,3.540800,2.594100,0.946700,1.853305
partition_0,mol0103,c1cc(C2CCCC2)cc(N2c3ccccc3Sc3ccccc32)c1,0,1,3.238700,2.829900,0.408800,0.095618
partition_0,mol0104,O=S(=O)(c1ccccc1)c1cc(N2c3ccccc3Sc3ccccc32)cc(N2c3ccccc3Sc3ccccc32)c1,0,1,4.002400,3.528800,0.473600,0.149917
partition_0,mol0105,CC1CCc2cc(N3CCCC3)ccc21,0,1,3.842300,3.232700,0.609600,0.091322
partition_0,mol0106,CCCOc1cc2cc(N3c4ccccc4Sc4ccccc43)c(=O)oc2cc1N1c2ccccc2Sc2ccccc21,0,1,2.997800,2.081900,0.915900,0.908432
partition_0,mol0107,c1cc(-c2cc3ccccc3s2)cc(C2CCC(c3cnc4c(ccc5cc(C6CCCC6)cnc54)c3)CC2)c1,0,1,4.000100,3.223100,0.777000,0.008313
partition_0,mol0108,O=c1c(=O)c2ccccc2c1=O,0,1,1.150600,1.150500,0.000100,0.000000
partition_0,mol0109,N#Cc1ccc2c(c1)C(C1=C3C=CC=C3C=C1)(c1cc3ccccc3c3ccccc13)c1ccccc1-2,0,1,0.651000,0.317900,0.333100,0.000313
partition_0,mol0110,C1=CC2=C(C3(c4cc5ccccc5c5ccccc45)c4ccccc4-c4ccccc43)C=CC2=C1,0,1,0.648500,0.317300,0.331200,0.000383
partition_0,mol0111,Cc1cc2cc(N(C)C)ccc2cc1C=O,0,1,3.232800,2.376900,0.855900,0.382159
partition_0,mol0112,F[B-]1(F)OC(C2=C3C=CC=C3C=C2)=CC(c2c3ccccc3cc3ccccc23)=[O+]1,0,1,0.376100,0.021100,0.355000,0.001380
partition_0,mol0113,CC1CCc2cc(C(=O)/C=C/c3ccc(N(C)C)cc3)ccc21,0,1,3.349700,2.208800,1.140900,1.572268
partition_0,mol0114,CCCCCC1(CCC)c2cc(C=O)ccc2-c2ccc(N3c4ccccc4Sc4ccccc43)cc21,0,1,3.243100,2.883100,0.360000,0.058790
partition_0,mol0115,c1ccc(-c2ccc(C3CCCC3)cn2)cc1,0,1,4.629900,4.076300,0.553600,0.015321
partition_0,mol0116,NCCCOc1cc2ccc3cccc4ccc(c1)c2c34,0,1,3.521900,2.787000,0.734900,0.043625
partition_0,mol0117,CC(=O)c1cn(-c2ccc(-n3c4ccccc4c(=O)c4ccccc43)cc2)c2ccccc12,0,1,3.525000,2.725400,0.799600,0.382779
partition_0,mol0118,Cc1cc(C)c2ccccc2c1,0,1,4.213400,3.380900,0.832500,0.002749
partition_0,mol0119,CC(C)(C)C1=C2C=CC=C2C=C1,0,1,0.669800,0.318700,0.351100,0.000148
partition_0,mol0120,C1=CC2=C3C1=CC=C3C=C2,0,1,0.630500,0.255900,0.374600,0.001338
partition_0,mol0121,C1=CC2=C(c3cc(-c4cccc5ccccc45)c(-c4cccc5ccccc45)c(-c4cccc5ccccc45)c3)C=CC2=C1,0,1,0.594200,0.261900,0.332300,0.002058
partition_0,mol0122,CCCCCC1(C)c2cc(C=C(C#N)C(=O)O)ccc2-c2ccc(N(c3ccccc3)c3ccccc3)cc21,0,1,2.965100,2.281100,0.684000,1.902959
partition_0,mol0123,O=C(c1cccc(C2CCCC2)c1)C(F)(F)F,0,1,3.884600,3.402100,0.482500,0.055224
partition_0,mol0124,Cc1c2c(=O)[nH]c(-c3ccc(-c4ccccc4)cc3)c-2c1=O,0,1,1.815800,1.359700,0.456100,0.010302
partition_0,mol0125,O=S(=O)(c1ccc(N2c3ccccc3Sc3ccccc32)cc1)c1cccc(N2c3ccccc3Sc3ccccc32)c1,0,1,3.916300,3.434700,0.481600,0.373725
partition_0,mol0126,CC1(C)c2ccccc2N(c2ccc3c(c2)c2ccccc2n3-c2ccc(C3CCCC3)cc2)c2ccccc21,0,1,3.804300,3.349900,0.454400,0.160414
partition_0,mol0127,CCCC1(C)c2cc(C#Cc3ccc4ccc5cccc6ccc3c4c56)ccc2-c2ccc(C#Cc3ccc4ccc5cccc6ccc3c4c56)cc21,0,1,3.403000,2.606000,0.797000,4.411012
partition_0,mol0128,CCCCCCCC(=O)c1cc(Br)c(O)c(/N=N/c2ccc([N+](=O)[O-])cc2)c1,0,1,1.372100,1.385800,-0.013700,0.009355
partition_0,mol0129,CC1(C)c2ccccc2N(c2cc(C=O)cc(N3c4ccccc4C(C)(C)c4ccccc43)c2)c2ccccc21,0,1,2.809800,2.281400,0.528400,0.085566
partition_0,mol0130,CC1(C)CCc2cc3ccc(N4c5ccccc5Oc5ccccc54)cc3cc2N1,0,1,3.037300,2.667200,0.370100,0.016411
partition_0,mol0131,c1ccc2c(c1)Oc1cc(-n3c4ccccc4c4ccccc43)ccc1N2c1ccc(C2CCCC2)cc1,0,1,3.057400,2.690200,0.367200,0.074603
partition_0,mol0132,c1ccc(N(c2ccccc2)c2ccc(C3CCCC3)cc2)cc1,0,1,3.980100,3.429400,0.550700,0.081805
partition_0,mol0133,O=C1CCN1Cc1c2ccccc2cc2ccccc12,0,1,3.380300,2.278100,1.102200,0.242313
partition_0,mol0134,CCC1(C)c2cc(N3c4ccccc4C(C)(C)c4ccccc43)ccc2-c2ccc(N3c4ccccc4C(C)(C)c4ccccc43)cc21,0,1,3.988500,3.441400,0.547100,0.074470
partition_0,mol0135,CCCC1(C)c2cc(-c3ccc(/C=C(\C)c4ccccc4)cc3)ccc2-c2ccc(-c3ccc(/C=C(\C)c4ccccc4)cc3)cc21,0,1,4.049700,3.481800,0.567900,3.724976
partition_0,mol0136,CCN1c2ccc(C=O)cc2CCC1(C)C,0,1,3.880900,2.659700,1.221200,0.814789
partition_0,mol0137,CC1(C)c2cc(C#N)ccc2-c2ccc(C#N)cc21,0,1,4.371800,3.496700,0.875100,0.806710
partition_0,mol0138,CCC(=O)c1ccc(C(=O)c2ccc(-n3c4ccccc4c4ccccc43)cc2)cc1,0,1,3.449700,3.351300,0.098400,0.000689
partition_0,mol0139,C1=CC2=CN(c3cccc4ccccc34)C2=C1,0,1,1.062600,0.621100,0.441500,0.040423
partition_0,mol0140,O=S(=O)(c1ccccc1)c1ccc(-c2ccc3c(c2)c2cc(-c4ccc(S(=O)(=O)c5ccccc5)cc4)ccc2n3-c2ccccc2)cc1,0,1,3.800700,3.408200,0.392500,0.130410
partition_0,mol0141,CC(=O)c1ccc2c(c1)c1cc(C(C)(C)C)ccc1n2-c1cccc(-n2c3ccc(C(C)(C)C)cc3c3cc(C(C)(C)C)ccc32)n1,0,2,3.783000,3.372300,0.410700,0.560505
partition_0,mol0142,c1ccc2c(c1)ncn2C1CCC(c2cnc3sc4ncc(C5CCCC5)cc4c3c2)CC1,0,2,4.096200,3.726500,0.369700,0.054522
partition_0,mol0143,c1ccc(-n2cnc3cc(C4CCCC4)ccc32)cc1,0,2,4.554600,3.999300,0.555300,0.138697
partition_0,mol0144,CC(=O)c1ccc(-c2ccc(-n3c4ccccc4c4ccccc43)cc2)cc1,0,2,3.753500,3.413100,0.340400,0.000904
partition_0,mol0145,O=c1cc2ccc3cccc4ccc1c2c34,0,2,1.372500,0.684600,0.687900,0.068085
partition_0,mol0146,N#Cc1cc2cccc3c(N)ccc4ccc1c-2c43,0,2,1.534300,1.107500,0.426800,0.087480
partition_0,mol0147,c1cnc2c(C3CCCC3)ccnc2c1,0,2,3.810600,3.810500,0.000100,0.000006
partition_0,mol0148,C1=CC2=C(C3(c4c(-c5ccc6ccncc6n5)c5ccccc5c5ccccc45)c4ccccc4-c4ccccc43)C=CC2=C1,0,2,0.680700,0.352600,0.328100,0.000452
partition_0,mol0149,c1ccc(-c2ncc(C3CCCC(c4cccc(-n5cnc6cc7c(cc65)ncn7-c5cccc(C6CCCC6)c5)c4)C3)cn2)cc1,0,2,3.980100,3.232900,0.747200,0.382448
partition_0,mol0150,Cc1ccc2c(c1)-c1sn(-c3ccccc3)c(=S)c1C(C)(C)N2C,0,2,2.692500,2.151000,0.541500,0.347832
partition_0,mol0151,CC(=O)c1cc(N2CCCCC2)cc2c1C(C)(C)c1ccc(N3CCCCC3)cc1-2,0,2,3.334400,2.944800,0.389600,0.084820
partition_0,mol0152,CCCCCCCCCN1c2ccc(C)cc2Sc2cc(C=O)ccc21,0,2,2.770700,2.172900,0.597800,0.302042
partition_0,mol0153,CCCCCCCN(c1ccccc1)c1ccccc1,0,2,3.923700,3.340400,0.583300,0.140480
partition_0,mol0154,CCCCCCCCN1c2ccc(Br)cc2C(C)(C)c2cc(Br)ccc21,0,2,3.931100,3.352900,0.578200,0.071783
partition_0,mol0155,Cc1cc2ccccc2c2ccc3ccccc3c12,0,2,3.675800,3.052200,0.623600,0.009326
partition_0,mol0156,O=c1ccn(-c2ccc(C3CCCC3)cc2)c2ccccc12,0,2,3.924400,3.003400,0.921000,0.099969
partition_0,mol0157,c1ccc2c(c1)c1cccnc1n2C1CCCC1,0,2,3.857900,3.396700,0.461200,0.060194
partition_0,mol0158,CC(=O)c1c2ccccc2cc2ccccc12,0,2,3.449600,2.310400,1.139200,0.217805
partition_0,mol0159,c1ccc2c(c1)Sc1ccccc1N2c1ccc(C2CCCC2)cc1,0,2,3.257000,2.838300,0.418700,0.097580
partition_0,mol0160,N#Cc1ccc2c(C#N)cc3ccccc3c2c1,0,2,3.785000,3.213900,0.571100,0.018297
partition_0,mol0161,CCCCCCCCN1c2ccccc2Sc2cc(/C=N/NC(=O)c3ccccc3O)ccc21,0,2,3.086800,2.573400,0.513400,0.549091
partition_0,mol0162,OC1[CH]O[C@@H](C2CCCC2)C1,0,2,4.204000,4.204000,0.000000,0.002026
partition_0,mol0163,CC(=O)c1cc2ccc3cccc4ccc(c1)c2c34,0,2,3.468400,2.799300,0.669100,0.020499
partition_0,mol0164,Nc1cc2ccc3cccc4ccc(c1)c2c34,0,2,3.319000,2.795500,0.523500,0.063632
partition_0,mol0165,c1cc(C2CCCC2)cc(-n2c3ccccc3c3c4c5ccccc5n(-c5cccc(C6CCC(c7ncns7)CC6)c5)c4ccc32)c1,0,2,3.352100,2.822200,0.529900,0.188286
partition_0,mol0166,O=c1c2ccccc2n(-c2cc(C3CCCC3)cc(C3CCC(C(F)(F)F)CC3)c2)c2ccccc12,0,2,3.485500,2.691200,0.794300,0.263255
partition_0,mol0167,CCCCCCCN1c2ccccc2Sc2cc(C=O)ccc21,0,2,2.791400,2.205600,0.585800,0.278179
partition_0,mol0168,CCCCCCCCCCC(=O)c1ccc(C2CC(CCNCC)O2)cc1,0,2,3.487800,3.547000,-0.059200,0.000330
partition_0,mol0169,CC(=O)N/N=C/c1ccc([N+](=O)[O-])cc1,0,2,3.804800,2.750900,1.053900,1.167460
partition_0,mol0170,CC1(O)N=NC(c2ccc3ccc4cccc5ccc2c3c45)=N1,0,2,2.593800,2.227900,0.365900,0.011287
partition_0,mol0171,c1ccc2ccc3ccc(c1)c23,0,2,1.038300,0.969300,0.069000,0.000352
partition_0,mol0172,C1=CC2=C(c3cccc(-c4ccc5ccc6cccc7ccc4c5c67)n3)C=CC2=C1,0,2,0.591200,0.237000,0.354200,0.001279
partition_0,mol0173,CCCCCc1cc(C#Cc2ccccc2)c(C(=O)c2ccccc2)cc1C#Cc1ccccc1,0,2,3.499500,3.263500,0.236000,0.000585
partition_0,mol0174,c1cc(C2CCCC2)cc(-n2c3ccccc3c3cccnc32)c1,0,2,3.845600,3.414500,0.431100,0.112911
partition_0,mol0175,O=C(Cn1c2ccccc2c(=O)c2ccccc21)N/N=C/c1ccc([N+](=O)[O-])cc1,0,2,3.342200,2.672000,0.670200,0.031454
partition_0,mol0176,C1=CC2=C(c3cncnc3)C=CC2=C1,0,2,0.584400,0.236500,0.347900,0.000835
partition_0,mol0177,c1cc(-c2cccc(C3CCC(n4c5ccccc5c5ccccc54)CC3)n2)nc(C2CCCC2)c1,0,2,3.820000,3.377200,0.442800,0.073389
partition_0,mol0178,c1ccc(-c2cc(-c3cccc(C4CCCC(c5ccnc(-c6cccc(C7CCCC7)c6)c5)C4)c3)nc(-c3ccccc3)n2)cc1,0,2,4.141000,4.005700,0.135300,0.030782
partition_0,mol0179,CCCCCCCCC(=O)c1ccc(C(=O)Nc2ccc3ccc4cccc5ccc2c3c45)cc1,0,2,3.597300,2.597400,0.999900,0.625089
partition_0,mol0180,CCCCn1c2ccc(C=O)cc2c2cc(C=O)ccc21,0,2,3.811800,3.168700,0.643100,0.055127
partition_0,mol0181,C1=CC2=C(C3=CC4c5ccccc5C3c3cc5ccccc5cc34)C=CC2=C1,0,2,0.575900,0.246300,0.329600,0.001400
partition_0,mol0182,CC1(C)c2ccccc2-c2ccc(C#N)cc21,0,2,4.457100,3.584500,0.872600,0.624749
partition_0,mol0183,CCC1(C)c2cc(N3c4ccccc4Oc4ccccc43)ccc2-c2ccc(N3c4ccccc4Oc4ccccc43)cc21,0,2,3.213800,2.819600,0.394200,0.021381
partition_0,mol0184,CCCCCC1(CC)c2cc(C=C(C#N)C(=O)O)ccc2-c2ccc(N(c3ccccc3)c3ccccc3)cc21,0,2,2.961100,2.275300,0.685800,1.902575
partition_0,mol0185,CC(=O)c1ccc2c(c1)c1cc(C(C)(C)C)ccc1n2-c1ccc(N(c2ccccc2)c2ccccc2)cc1,0,2,3.821200,3.293900,0.527300,0.765569
partition_0,mol0186,CC1(C)c2ccccc2N(c2ccc3c4c(oc3c2)=CC(=O)C2=CC=CC=42)c2ccccc21,0,2,1.245800,0.938900,0.306900,0.032536
partition_0,mol0187,c1ccc(-n2c(C3CCCC3)cc3cc4ccoc4cc32)cc1,0,2,3.954800,3.093700,0.861100,0.154305
partition_0,mol0188,CCCCCCN1c2ccccc2Sc2cc(C=O)ccc21,0,2,2.790600,2.205600,0.585000,0.276909
partition_0,mol0189,CC(=O)c1ccc2ccc3cccc4ccc1c2c34,0,2,3.574000,2.559200,1.014800,0.332555
partition_0,mol0190,c1ccc2c(c1)c1c3ccccc3n(-c3ccc(C4CCC(c5ncco5)CC4)cc3)c1c1ncn(-c3ccc(C4CCCC4)cc3)c21,0,2,3.715300,3.287500,0.427800,0.098542
partition_0,mol0191,CCCCCCCCC(=O)c1cc(F)c(N2CCCCC2)cc1F,0,2,3.818600,2.750600,1.068000,0.687796
partition_0,mol0192,O=C1c2ccccc2C(=O)c2occc21,0,2,2.805900,2.234700,0.571200,0.049391
partition_0,mol0193,CC(C)(C)[Si](C)(C)C1=C2C=CC=C2C=C1,0,2,0.665900,0.307700,0.358200,0.000131
partition_0,mol0194,CCC1(C)c2cc(-c3ccc(C=O)cc3)ccc2-c2ccc(-c3ccc(C=O)cc3)cc21,0,2,3.754600,3.371700,0.382900,0.000588
partition_0,mol0195,CC1=CC2=C3C(=CC=C13)C=C2,0,2,0.618000,0.258400,0.359600,0.000781
partition_0,mol0196,O=C(c1ccc(Br)cc1)[C@H]1[CH]C2c3ccccc3C1c1ccccc12,0,2,3.501100,3.501100,0.000000,0.002693
partition_0,mol0197,CCC1(C)c2ccccc2-c2ccc(N3c4ccccc4C(C)(C)c4ccccc43)cc21,0,2,3.992600,3.378200,0.614400,0.003159
partition_0,mol0198,CCCCCCCCCCCCN(CCCCCCC)c1ccc(C=O)c(O)c1,0,2,3.979700,2.829900,1.149800,0.622340
partition_0,mol0199,CCCCCCCCc1cc2ccc3cccc4c5cccc5c1ccc2c34,0,2,1.436200,1.016400,0.419800,0.042210
partition_0,mol0200,c1ccc(-n2c3ccc(C4CCCC4)cc3c3cc(C4CCC(c5cccc(-c6nc7ccccc7c7ccccc67)c5)CC4)ccc32)cc1,0,2,3.763400,3.357300,0.406100,0.154496
partition_0,mol0201,CCCC(=O)c1cc2ccc3cc(C(C)C)cc4ccc(c1)c2c34,0,2,3.430200,2.801600,0.628600,0.015439
partition_0,mol0202,C1=CC2=CC=CC2=C1,0,2,0.627000,0.251400,0.375600,0.000000
partition_0,mol0203,ClC1=Cc2ccc3c4c(ccc1c24)C=C3,0,2,1.585200,1.263500,0.321700,0.000425
partition_0,mol0204,CC(=O)c1cn(C2CCC(c3cccc(-c4nccs4)c3)CC2)c2ccccc12,0,2,4.178300,3.177500,1.000800,0.000196
partition_0,mol0205,CC(=O)c1ccc2c(c1)c1ccccc1n2-c1ccc(-c2ccc(-n3c4ccccc4c4ccccc43)cc2)cc1,0,2,3.891300,3.336200,0.555100,0.300991
partition_0,mol0206,O=c1ccn(-c2cccc(C3CCCC3)c2)c2ccccc12,0,2,3.927600,3.000600,0.927000,0.117892
partition_0,mol0207,CCCCCCCCN1c2ccccc2Sc2cc(C=O)ccc21,0,2,2.792400,2.204600,0.587800,0.280350
partition_0,mol0208,CCCCCCC,0,2,8.726100,8.722500,0.003600,0.000011
partition_0,mol0209,CCCCCC1CCC(c2ccc(-c3ccc(C4CCCC4)cn3)nc2)CC1,0,2,4.540000,3.811200,0.728800,0.008042
partition_0,mol0210,C1=CC2=CN(c3ccc(-c4nnc(-c5ccccc5)o4)cc3)C2=C1,0,2,1.065000,0.612000,0.453000,0.049191
partition_0,mol0211,CC(=O)c1ccc2c(c1)CCCN2C,0,2,3.858100,2.692900,1.165200,0.729936
partition_0,mol0212,CC(F)(F)F,0,2,9.921100,9.888200,0.032900,0.000114
partition_0,mol0213,c1ccc2c(C3CCCC(c4ccc(-c5nnc(-c6ccc(C7CCCC7)cc6)o5)cc4)C3)cncc2c1,0,2,4.227100,3.393300,0.833800,1.452951
partition_0,mol0214,CSc1ccc(Cl)c(/C=N/NC(=O)Cn2c3ccccc3c(=O)c3ccccc32)c1,0,2,3.424300,2.681700,0.742600,0.100135
partition_0,mol0215,O=[N+]([O-])c1ccc(-c2nc3ccccc3s2)c(O)c1,0,2,3.193000,2.501100,0.691900,0.352163
partition_0,mol0216,NC1=CC2=CC=CC2=C1,0,2,0.345100,2.191300,-1.846200,0.002254
partition_0,mol0217,CC(=O)c1ccc2cc(N(C)C)ccc2c1,0,2,3.229500,2.430500,0.799000,0.322377
partition_0,mol0218,C1=CC2=Nc3ccccc3C2=C1,0,2,1.092500,0.698900,0.393600,0.001333
partition_0,mol0219,O=c1ccc2cccc(-c3cc(C4=C5C=CC=C5C=C4)cc(-c4cc(-c5ccccc5)cc(-c5ccccc5)n4)c3)c2o1,0,2,0.603500,0.265700,0.337800,0.001504
partition_0,mol0220,CC(=O)c1cn(-c2ccccc2)c2ccccc12,0,2,4.129300,3.145700,0.983600,0.218175
partition_0,mol0221,CCCCCCCCCN1C(=O)c2cccc3c(NCCN(CC)CC)ccc(c23)C1=O,0,2,2.919400,2.058400,0.861000,0.431169
partition_0,mol0222,CCC1(C)c2cc(N3c4ccccc4Sc4ccccc43)ccc2-c2ccc(N3c4ccccc4Sc4ccccc43)cc21,0,2,3.373300,2.965200,0.408100,0.113261
partition_0,mol0223,c1ccc2c(c1)c1ccccc1n2-c1ccc(C2CCCC2)cc1,0,2,3.852600,3.381600,0.471000,0.152085
partition_0,mol0224,O=c1c2c(=O)c3ccccc3c=2c2ccccc2c1=O,0,2,1.140300,1.141600,-0.001300,0.000054
partition_0,mol0225,C1=CC2=C(c3cc(-c4c5ccccc5cc5ccccc45)cc(-c4cc5ccccc5c5ccccc45)n3)C=CC2=C1,0,2,0.585500,0.235600,0.349900,0.001372
partition_0,mol0226,CCCNc1c2ccccc2c(C(C)=O)c2ccccc12,0,3,2.781800,1.670500,1.111300,0.392530
partition_0,mol0227,CC1C[CH][C@@H](N2c3ccccc3Sc3ccccc32)C1,0,3,3.168200,3.168200,0.000000,0.027831
partition_0,mol0228,CCN(C)c1ccc(C=O)cc1,0,3,4.026800,2.721800,1.305000,0.522736
partition_0,mol0229,CCCCCCCCCCCCCOc1cc2ccc3cc(C#N)c(=O)oc3c2cc1OCCCCNC(C)=O,0,3,3.159000,2.537400,0.621600,0.064454
partition_0,mol0230,[NH3+]C1CCC([O-])C1,0,3,1.964500,1.705400,0.259100,0.039745
partition_0,mol0231,O=[N+]([O-])c1ccc2ccccc2c1,0,3,3.345300,2.730300,0.615000,0.093595
partition_0,mol0232,CCCCCCCCCCc1ccc(C(=O)/C=C/c2ccc(N3CCOCC3)cc2)cc1,0,3,3.224100,2.264000,0.960100,0.019390
partition_0,mol0233,CCCCCCOc1ccc2ccc(C=O)cc2c1,0,3,3.398200,2.788400,0.609800,0.055127
partition_0,mol0234,CCCCCCCCC(=O)c1ccc(C(=O)[O-])c(C2=c3cc4c5c(c3Oc3c2cc2c6c3CCCN6CCC2)CCC[N+]=5CCC4)c1,0,3,3.725300,3.426500,0.298800,0.000128
partition_0,mol0235,CC(C)Nc1ccc([N+](=O)[O-])cc1,0,3,3.903400,2.766900,1.136500,0.704724
partition_0,mol0236,CC1=c2c(ccc3ccccc23)=c2c(c3c(c4ccccc24)=CC=C3)C1=O,0,3,0.419600,0.110400,0.309200,0.006869
partition_0,mol0237,CC(=O)c1ccc2c(F)c(F)c(F)c(F)c2n1,0,3,3.361100,3.182100,0.179000,0.001508
partition_0,mol0238,CCCCCCOc1ccc(C=O)cc1OC,0,3,3.772100,2.902600,0.869500,0.175854
partition_0,mol0239,CCCCCCCCCCCCCCC(=O)c1ccc(C(=O)CCCCCCCCCCC)c(F)c1F,0,3,4.116700,3.998200,0.118500,0.004687
partition_0,mol0240,CCCCCCCCCCCCOc1cc(C#Cc2ccc([N+](=O)[O-])cc2)c(OCCCCCCCCC)cc1C#Cc1ccc([N+](=O)[O-])cc1,0,3,3.189100,2.572900,0.616200,2.385640
partition_0,mol0241,CCCCCCCCC(=O)c1ccc2ccc3cccc4ccc1c2c34,0,3,3.560100,2.602200,0.957900,0.241879
partition_0,mol0242,c1ccc(-c2nc(C3CCCC(c4ccc(-c5nnc(C6CCCC6)o5)cc4)C3)ns2)cc1,0,3,4.357800,3.402200,0.955600,0.618439
partition_0,mol0243,CCCCCCCCCCCCNc1ccc(C#N)cc1,0,3,4.228200,3.359200,0.869000,0.053013
partition_0,mol0244,CC(=O)c1cc2cc(N(C)C)ccc2oc1=O,0,3,2.232200,1.606700,0.625500,0.086506
partition_0,mol0245,c1ccc2oc(C3CCCC3)nc2c1,0,3,4.696800,4.190600,0.506200,0.072749
partition_0,mol0246,CCCCCCCCCCCCCOc1ccc2cc(C#Cc3ccc([N+](=O)[O-])cc3)ccc2c1,0,3,3.653800,2.873600,0.780200,1.772604
partition_0,mol0247,c1ccc(N(c2ccccc2)c2cc3cc(C4CCCC4)ccc3s2)cc1,0,3,3.724300,3.100400,0.623900,0.716740
partition_0,mol0248,c1ccc2c(C3CCCC3)cccc2c1,0,3,4.212400,3.373100,0.839300,0.000594
partition_0,mol0249,CC(=O)c1cc2sc(C(=O)c3ccc(F)cc3)cc2s1,0,3,3.355200,2.446500,0.908700,0.172861
partition_0,mol0250,CCCCN1CCCc2cc(C=O)ccc21,0,3,3.915800,2.675200,1.240600,0.815154
partition_0,mol0251,CCCCCCCCCCc1ccc(O)c(/N=N/c2ccc([N+](=O)[O-])cc2)c1,0,3,1.834200,1.871700,-0.037500,0.007047
partition_0,mol0252,CCCCCCCCCCCCCOC(=O)c1cc(=O)[nH]c2ccccc12,0,3,3.618100,2.852200,0.765900,0.186227
partition_0,mol0253,CCCCCC(=O)c1cc2ccc1CCCC2,0,3,1.975200,0.933900,1.041300,0.087593
partition_0,mol0254,CCCCCCCCCc1cc(CCCCCC)c2ccc3cccc4ccc1c2c34,0,3,3.627100,2.711000,0.916100,0.001502
partition_0,mol0255,c1ccc2nc(C3CCCC3)cnc2c1,0,3,3.563000,3.563200,-0.000200,0.006716
partition_0,mol0256,CCCCCCCCCCCOc1cc2ccc3cccc4c(S(=O)(=O)O)cc(c1)c2c34,0,3,3.465100,2.777500,0.687600,0.054254
partition_0,mol0257,CCCCCCCCCCCCC(=O)c1ccc2ccc3cccc4ccc1c2c34,0,3,3.564800,2.624800,0.940000,0.196908
partition_0,mol0258,CC1(C)c2cc(C3CCCC3)ccc2N(c2ccccc2)c2ccc(C3CCC(c4ccc(-c5cccnc5)cc4)CC3)cc21,0,3,3.951500,3.378000,0.573500,0.081533
partition_0,mol0259,c1ccc(-c2ccc(C3CCCC3)cc2)cc1,0,3,4.847500,4.323800,0.523700,0.000141
partition_0,mol0260,Cc1cccc2cc3ccccc3cc12,0,3,3.470100,2.324900,1.145200,0.211286
partition_0,mol0261,CC(=O)c1cc(F)c(N2CCCC2)cc1F,0,3,3.912400,2.714300,1.198100,0.645616
partition_0,mol0262,c1ccc(-n2ccc3ccc(C4CCCC4)cc32)cc1,0,3,4.334200,3.635900,0.698300,0.303425
partition_0,mol0263,O=c1ncn(C2=C3C=CC=C3C=C2)c2ccccc12,0,3,0.694600,0.373100,0.321500,0.001010
partition_0,mol0264,CCCCCCCc1cc(C(=O)c2ccccc2)cc(Cc2ccc(N(C)c3cc(C)cc(C)c3)cc2)c1O,0,3,3.487400,3.457400,0.030000,0.001302
partition_0,mol0265,CCCCCCCCCC(=O)c1cc(F)c(N2CCOCC2)cc1F,0,3,3.760900,2.698500,1.062400,0.665456
partition_0,mol0266,CCCCCCCCCCCNc1cc(Cl)c(Cl)c(Cl)c1,0,3,4.054900,3.485700,0.569200,0.065517
partition_0,mol0267,CC(C)c1c(C(C)C)c2ccc3ccc4ccc5ccc1c2c3c45,0,3,1.423900,1.283400,0.140500,0.004724
partition_0,mol0268,CCCCCCCCCCCCC(=O)c1ccc2ccccc2c1,0,3,3.879400,3.239000,0.640400,0.034823
partition_0,mol0269,CC(=O)c1ccc2nc3c4ccccc4c4ccccc4c3nc2c1,0,3,3.127800,3.052100,0.075700,0.006432
partition_0,mol0270,O=[N+]([O-])c1ccc(Sc2nnc(C3CCCC3)n2-c2ccccc2)cc1,0,3,3.524500,2.749600,0.774900,0.724619
partition_0,mol0271,COc1cc(/C=N/NC(=O)Cn2c3ccccc3c(=O)c3ccccc32)ccc1N(C)C,0,3,3.338000,2.594000,0.744000,0.054571
partition_0,mol0272,c1ccc(-c2ncc(C3CCCC3)cn2)cc1,0,3,4.250700,3.969500,0.281200,0.000061
partition_0,mol0273,CCCCCCCCCCCCOc1cc2ccc3cccc4ccc(c1)c2c34,0,3,2.977200,1.900900,1.076300,0.434195
partition_0,mol0274,CCCCCCCCCCCCCCCC(=O)Nc1ccc2[n+](c1)[B-](F)(F)NC(c1ccc(NC(=O)c3ccc(C(=O)CCCCCCCCCCC)cc3)cc1)=N2,0,3,3.613500,2.694700,0.918800,0.902396
partition_0,mol0275,O=C(CCCCCCCCCCCCC[CH2][Cd])Sc1nc2ccccc2[nH]1,0,3,2.671300,2.671300,0.000000,0.104016
partition_0,mol0276,Cc1cc(C(C)C)cc2c3cc4cccc5c(C(C)C)cc(ccc-3c45)c12,0,3,3.275900,2.516800,0.759100,0.290225
partition_0,mol0277,Cc1cc(=O)oc2ccc(-c3ccc(N4c5ccccc5C(C)(C)c5ccccc54)cc3)cc12,0,3,3.973400,3.197900,0.775500,0.049269
partition_0,mol0278,CCCCCCCCCCCCCCCOc1cc2ccc3cc(C#Cc4ccc(C(F)(F)F)cc4)cc4ccc(c1)c2c34,0,3,3.402300,2.809100,0.593200,0.034921
partition_0,mol0279,CC(C)C1=N[PH](c2ccc3ccc4cccc5ccc2c3c45)=N1,0,3,3.711100,2.758200,0.952900,0.007641
partition_0,mol0280,CC(=O)c1ccc(C2CCC(c3ccc(-c4cc(-c5ccccc5)nc(-c5ccccc5)n4)cc3)CC2)cc1,0,3,3.879100,3.876700,0.002400,0.000214
partition_0,mol0281,CCC(=O)c1ccc2c(c1)C(C)(C)c1cc(C(C)(C)C)ccc1N2c1ccc(C2c3ccccc3Oc3ccccc32)cc1,0,3,3.462300,2.660600,0.801700,0.912090
partition_0,mol0282,CCc1cccc(NC(=O)Cn2c3ccccc3c(=O)c3ccccc32)c1,0,3,3.514900,2.745400,0.769500,0.237015
partition_0,mol0283,C/C=C/C(C)=O,0,3,3.655100,3.653500,0.001600,0.000080
partition_0,mol0284,CC1(C)c2cc([N+](=O)[O-])ccc2-c2ccc([N+](=O)[O-])cc21,0,3,3.761200,2.995800,0.765400,0.805576
partition_0,mol0285,CCCCCCCCC(=O)c1ccc2cc(N(C)C)ccc2c1F,0,3,3.216800,2.468700,0.748100,0.297797
partition_0,mol0286,CCCCCCCOc1c(Br)cc(Br)cc1/C=N/NC(=O)Cn1c2ccccc2c(=O)c2ccccc21,0,3,3.492700,2.746600,0.746100,0.301277
partition_0,mol0287,CCCCCCCC(=O)c1ccc2c(N3CCN(c4ccccc4)CC3)cc3cccc4ccc1c2c43,0,3,3.133200,2.434000,0.699200,0.202636
partition_0,mol0288,c1ccc(C2CCC(c3cccc(-c4cc5cccnc5c5ncccc45)c3)C2)nc1,0,3,4.047900,3.472000,0.575900,0.007468
partition_0,mol0289,CCCC1(C)c2cc(-c3cccc4c3sc3ccccc34)ccc2-c2ccc(-c3cccc4c3sc3ccccc34)cc21,0,3,4.016700,3.550800,0.465900,0.877578
partition_0,mol0290,C1=CC2=NC=CC2=C1,0,3,0.513000,0.035000,0.478000,0.000723
partition_0,mol0291,CC(=O)Cc1cc2ccc3cccc4ccc(c1)c2c34,0,3,3.711700,2.783300,0.928400,0.005501
partition_0,mol0292,c1ccc(-c2cc(-c3ccccc3)nc(C3CCCC3)n2)cc1,0,3,4.081400,3.977300,0.104100,0.053278
partition_0,mol0293,CCCCCCN(C)c1ccc(C=O)cc1Br,0,3,3.811300,2.668600,1.142700,0.548009
partition_0,mol0294,CCC1CCC(N2CCN(c3ccccc3OC)CC2)C1,0,3,4.014300,3.506400,0.507900,0.078306
partition_0,mol0295,CCCCCCCCCCCCCC(=O)c1ccc2oc3nc4oc5ccc(C)cc5c4cc3c2c1,0,3,4.062700,3.607700,0.455000,0.024296
partition_0,mol0296,CCCCCCCCCCC(=O)c1ccc(C(C)C)cc1/N=C/c1ccc(N(C)C)cc1,0,3,3.409700,2.687300,0.722400,0.764241
partition_0,mol0297,CCCCCCCCCCCOc1ccc2cc(-c3cn(-c4ccccc4)nn3)ccc2c1,0,3,3.851800,3.148900,0.702900,0.102865
partition_0,mol0298,CC(=O)Nc1ccc2ccc3cccc4ccc1c2c34,0,3,3.602200,2.560200,1.042000,0.473182
partition_0,mol0299,c1ccc2sc(C3CCCC3)cc2c1,0,3,4.466300,3.782100,0.684200,0.054635
partition_0,mol0300,c1ccc2c(c1)c1ccncc1n2C1CCC(c2ccnc(-c3cc(C4CCCC4)ccn3)c2)CC1,0,3,3.797000,3.249500,0.547500,0.109002
partition_0,mol0301,CCCCCCCSc1cc(=O)c2ccccc2[nH]1,0,3,3.792200,3.153100,0.639100,0.007137
partition_0,mol0302,c1ncc2cc(C3CCC(c4ccc(-n5cnc6cc7c(cc65)ncn7-c5ccc(C6CCCC6)cc5)cc4)CC3)ccc2n1,0,3,3.924200,3.223300,0.700900,0.003914
partition_0,mol0303,CCCCCCCCCCCCCOc1ccc(/N=N/c2ccc([N+](=O)[O-])cc2)cc1,0,3,1.673500,1.648700,0.024800,0.033944
partition_0,mol0304,CCCCCCCCCC(=O)c1ccc(C(F)(F)F)cc1,0,3,3.969900,3.970400,-0.000500,0.000766
partition_0,mol0305,CC1=CC2=CC=CC2=C1,0,3,0.668400,0.291800,0.376600,0.000144
partition_0,mol0306,CC(=O)c1cc2ccccc2s1,0,3,3.682500,2.765500,0.917000,0.146697
partition_0,mol0307,O=C1NC(=O)c2ccccc21,0,3,3.897100,3.497400,0.399700,0.001359
partition_0,mol0308,CC1=C2C=C(N3CCCC3)C=C2C=C1C=O,0,3,2.395300,1.792400,0.602900,0.011279
partition_0,mol0309,CCCCC(=O)c1ccc2cc(N(C)C)ccc2c1,0,3,3.215600,2.436300,0.779300,0.315680
partition_0,mol0310,O=C(Cn1c2ccccc2c(=O)c2ccccc21)N/N=C/c1ccc(OCC2=C3C=CC=C3C=C2)cc1,0,3,0.593500,0.237300,0.356200,0.000067
partition_0,mol0311,CC1(C)c2cc(C3CCCCC3)ccc2-c2ccc(C3CCCC(c4ccc5ccc6cccnc6c5n4)C3)cc21,0,3,4.003200,3.606400,0.396800,0.003974
partition_0,mol0312,CCCCCCCCCCCCOc1cc(/C=N/c2ccc([N+](=O)[O-])cc2)ccc1OCCCCCCCCC,0,3,3.462300,2.705400,0.756900,0.833921
partition_0,mol0313,C1=CC2=CN(c3ccc(C4CCC(c5cncnc5)CC4)cc3)C2=C1,0,3,0.868900,0.408800,0.460100,0.039167
partition_0,mol0314,CCCCCCCCCCCOc1ccc(C2=NCCO2)cc1,0,3,4.544400,3.765100,0.779300,0.008316
partition_0,mol0315,Cc1ccc2cccc3c2c1C=C3,0,3,2.620400,2.240500,0.379900,0.009269
partition_0,mol0316,CCCCCCCCCCCOc1ccc(/C=N/c2ccc([N+](=O)[O-])cc2)c(O)c1,0,3,3.415700,2.721400,0.694300,1.169566
partition_0,mol0317,CC(=O)c1ccc2c(c1)CCC2(C)C,0,3,3.898400,3.797800,0.100600,0.000171
partition_0,mol0318,CCCCCCCCCCCCCOc1ccc(OCCCCCCCCCCC)c(/C=N/NC(=O)Cn2c3ccccc3c(=O)c3ccccc32)c1,0,3,3.537600,2.720800,0.816800,0.399422
partition_0,mol0319,C1=CC2=C(c3cc(-c4cccc5ccccc45)cc(-c4cccc5ccccc45)n3)C=CC2=C1,0,3,0.583300,0.232900,0.350400,0.001313
partition_0,mol0320,Cc1cn(C2=C3C=CC=C3C=C2)c2ccccc12,0,3,0.653200,0.380000,0.273200,0.003823
partition_0,mol0321,CC(=O)c1cc2ccc3cccc4ccc(c1C)c2c34,0,3,3.536700,2.736200,0.800500,0.007001
partition_0,mol0322,CCCCCC(=O)c1ccc2cc(N(C)C)ccc2c1,0,3,3.211900,2.431800,0.780100,0.316501
partition_0,mol0323,CCCCCCCCCCCCCC(=O)c1ccc(C(=O)CCCCCCCCCC)cc1F,0,3,3.534400,3.585200,-0.050800,0.000664
partition_0,mol0324,CC(=O)c1ccc2c(c1)CCC2=O,0,3,3.663300,3.528100,0.135200,0.000154
partition_0,mol0325,CCCCCCCCCOc1cc2ccc3cccc4ccc(c1)c2c34,0,3,3.512700,2.787100,0.725600,0.043738
partition_0,mol0326,CCCCCCCC(=O)c1ccc2c(c1)C(C)(C)c1cc(C(C)=O)ccc1-2,0,3,3.815100,3.237500,0.577600,0.000532
partition_0,mol0327,CC(=O)c1ccc2c(c1)C(C)(C)c1cc(N3CCCCC3)ccc1-2,0,3,3.501200,2.679600,0.821600,1.235388
partition_0,mol0328,CCCCCCCCCOc1cc(C2c3ccc(N(C)C)cc3Oc3cc(N(C)C)ccc32)c(OCCCC)cc1N(C)C,0,3,4.134100,3.567200,0.566900,0.033236
partition_0,mol0329,CCCCC,0,4,8.696600,8.692200,0.004400,0.000044
partition_0,mol0330,c1ccc2c(c1)-c1ccccc1C2c1nccs1,0,4,4.693800,3.838900,0.854900,0.215500
partition_0,mol0331,CCCCCCCOc1ccc(OCCCCC)cc1C=O,0,4,3.391000,2.600100,0.790900,0.177375
partition_0,mol0332,CCCC(=O)c1cc2ccccc2o1,0,4,3.932700,2.993500,0.939200,0.000033
partition_0,mol0333,CCC,0,4,8.754900,8.746300,0.008600,0.000001
partition_0,mol0334,Cc1ccc2ccoc2c1,0,4,4.666800,3.955700,0.711100,0.024905
partition_0,mol0335,CN(C)c1ccc(C=O)cc1,0,4,4.022400,2.735500,1.286900,0.000036
partition_0,mol0336,CSC(C)C,0,4,5.410900,5.399000,0.011900,0.009693
partition_0,mol0337,Cc1coc2cc(O)ccc12,0,4,4.455400,3.664600,0.790800,0.075789
partition_0,mol0338,c1cc2ccc3ccc4cc(c1)c2c3-4,0,4,1.659700,1.285400,0.374300,0.003770
partition_0,mol0339,CCCCCC,0,4,8.705200,8.701400,0.003800,0.000001
partition_0,mol0340,O=c1ccoc2cc(N3c4ccccc4C(c4ccccc4)(c4ccccc4)c4ccccc43)ccc12,0,4,3.684300,3.050700,0.633600,0.578443
partition_0,mol0341,CCCCN1CCC1,0,4,5.586600,5.564000,0.022600,0.028447
partition_0,mol0342,O=C(O)CCCCn1c2ccccc2c(=O)c2ccc(S(=O)(=O)O)cc21,0,4,3.483900,2.714000,0.769900,0.218025
partition_0,mol0343,CC1=CCC(C)C1,0,4,6.025300,5.036400,0.988900,0.025989
partition_0,mol0344,CC1(C)CCc2cc(C(F)(F)F)ccc21,0,4,4.840000,4.733600,0.106400,0.005096
partition_0,mol0345,O=[N+]([O-])c1ccc([N+](=O)[O-])cc1,0,4,3.861100,3.297400,0.563700,0.064788
partition_0,mol0346,CC1CC(=O)C2=C(C1)Oc1ccc3ccccc3c1C2c1ccncc1,0,4,3.760400,2.966600,0.793800,0.095625
partition_0,mol0347,N#Cc1cn([C@@H]2O[C@H](CO)[C@H](O)[C@H]2O)c(=O)[nH]c1=O,0,4,4.778800,3.604100,1.174700,0.449867
partition_0,mol0348,O=C(O)CCCCn1nccc1[N+](=O)[O-],0,4,3.643700,3.047400,0.596300,0.063976
partition_0,mol0349,COP(=O)(OCCCCCO)c1ccc(CNC(=O)C(N)CCCCN)c(P(=O)(OCCCCNC(=O)C(F)(F)F)OCCCCC(=O)C(F)(F)F)c1,0,4,4.370800,4.358300,0.012500,0.000105
partition_0,mol0350,Cc1oc2ccc(-c3cc(-c4ccccc4)nn3-c3ccc(Cl)cc3)cc2c1C,0,4,4.391000,3.751000,0.640000,0.080677
partition_0,mol0351,CCCCCCCCCCCCCCCC(=O)Nc1ccc(N(C)C)cc1C(C)=O,0,4,2.375200,1.661900,0.713300,0.148122
partition_0,mol0352,CCCCCCCNC(=O)c1cc2ccc(N(C)C)cc2oc1=O,0,4,3.391600,2.315400,1.076200,0.963281
partition_0,mol0353,O=c1c2ccccc2[nH]c2ccc([N+](=O)[O-])cc12,0,4,3.578900,2.851900,0.727000,0.454250
partition_0,mol0354,O=[N+]([O-])c1ccoc1,0,4,3.723700,2.971900,0.751800,0.075972
partition_0,mol0355,C1=Cc2ccc3c(c2=C1)=CC=C3,0,4,0.420500,1.299400,-0.878900,0.007037
partition_0,mol0356,CCCCCCCCCCCCCC,0,4,8.885900,8.879800,0.006100,0.000609
partition_0,mol0357,CC(=O)c1ccoc1,0,4,4.076700,3.544200,0.532500,0.000090
partition_0,mol0358,CCC(=O)c1cc(F)c(F)cc1F,0,4,4.067700,4.016200,0.051500,0.001462
partition_0,mol0359,CCCCCCCCCCCCCCCC#N,0,4,8.605600,8.594300,0.011300,0.000721
partition_0,mol0360,CCc1coc2cc(O)c(O)cc2c1=O,0,4,3.482200,3.114800,0.367400,0.000291
partition_0,mol0361,C#Cc1nnn(-c2ccc(N(c3ccccc3)c3ccccc3)cc2)n1,0,4,3.404100,2.727500,0.676600,1.178362
partition_0,mol0362,CCC1(C)CCc2c(cc(OC)cc2-c2c(C)no[n+]2[O-])C1,0,4,4.389400,2.854500,1.534900,0.064601
partition_0,mol0363,c1ccc2occc2c1,0,4,4.730700,3.991500,0.739200,0.021969
partition_0,mol0364,CCCCCCCCCC,0,4,8.751300,8.748300,0.003000,0.000014
partition_0,mol0365,COCCOCCOCC(COCCOCCNC(C)=O)OC,0,4,5.786000,5.479400,0.306600,0.007880
partition_0,mol0366,CCCCCCCCC1(CCCCCCC)c2ccccc2-c2ccc(C#Cc3ccc4c(c3)C(CCC)(CCCCCCC)c3cc(C=O)ccc3-4)cc21,0,4,3.786700,3.130300,0.656400,0.000628
partition_0,mol0367,CCCCn1c2ccccc2c2cc(C#Cc3cc(C#Cc4ccc5c(c4)c4ccccc4n5CC(C)C)nc(C#N)n3)ccc21,0,4,3.802500,3.286100,0.516400,2.392298
partition_0,mol0368,CC(=O)c1ccc(N(C)C)cc1,0,4,3.974600,2.750500,1.224100,0.776954
partition_0,mol0369,C#Cc1cc(C#Cc2ccc(Cl)cc2)nc(C#Cc2ccc(Cl)cc2)n1,0,4,4.301700,3.734700,0.567000,0.009156
partition_0,mol0370,O=C1C2=CC=CC2=Nc2cc(-n3c4ccccc4c4ccccc43)ccc21,0,4,1.563900,1.079900,0.484000,0.011168
partition_0,mol0371,O=c1cc2ccccn2c2ccccc12,0,4,2.980000,2.211300,0.768700,0.130252
partition_0,mol0372,Cc1cccc([N+](=O)[O-])c1,0,4,3.829000,3.356100,0.472900,0.044932
partition_0,mol0373,CCC(=O)c1ccc2c(c1)c(=O)c1ccccc1n2C,0,4,3.594700,2.849600,0.745100,0.174251
partition_0,mol0374,CO,0,4,6.940600,6.932200,0.008400,0.000462
partition_0,mol0375,CC(=O)c1ccc(F)cc1,0,4,3.882100,3.880200,0.001900,0.000114
partition_0,mol0376,O=c1ccoc2cc(O)ccc12,0,4,3.852000,3.594800,0.257200,0.000005
partition_0,mol0377,CCc1nc2c(ccc3c4cc5ccccc5cc4c4ccccc4c32)o1,0,4,3.682900,2.907100,0.775800,0.020598
partition_0,mol0378,CCCCCCCCCCC,0,4,8.813900,8.810500,0.003400,0.000181
partition_0,mol0379,CC(=O)c1ccc(Br)cc1,0,4,3.823600,3.822100,0.001500,0.000059
partition_0,mol0380,COc1ccc(C=O)cc1OC,0,4,3.848200,2.929800,0.918400,0.178358
partition_0,mol0381,Cc1coc2cc(O)ccc2c1=O,0,4,3.910500,3.519300,0.391200,0.000035
partition_0,mol0382,CCCCCCCCCSC,0,4,5.411300,5.395600,0.015700,0.004408
partition_0,mol0383,CCCCCCCCCCCCCCC(=O)Nc1ccc(N)cc1,0,4,4.112800,3.472600,0.640200,0.082041
partition_0,mol0384,CCCCCCCCC(=O)c1ccc(S(=O)(=O)O)cc1,0,4,3.863400,3.881300,-0.017900,0.000437
partition_0,mol0385,CC(=O)O,0,4,5.758800,5.756500,0.002300,0.002636
partition_0,mol0386,Nc1nc(Nc2cccc3ccccc23)nc(Nc2cccc3ccccc23)n1,0,4,3.767200,2.969800,0.797400,0.964316
partition_0,mol0387,CCc1coc2cc(O)ccc2c1=O,0,4,3.796500,3.498700,0.297800,0.004803
partition_0,mol0388,CC(C)(C)[Si](C)(C)OC[C@@]12O[C@@H](C[C@@H]1O[Si](C)(C)C(C)(C)C)[C@H]2O,0,4,6.734700,6.725600,0.009100,0.008779
partition_0,mol0389,CCCCN(C)c1ccc(C=O)cc1,0,4,4.007300,2.732700,1.274600,0.828082
partition_0,mol0390,CCC1(C)CCn2c(nc3ccccc3c2=O)-c2cc(O)ccc21,0,4,4.311500,3.698500,0.613000,0.177658
partition_0,mol0391,CCCCCCCCCCCCc1ccc(O)c(O)c1,0,4,4.493300,4.021300,0.472000,0.059630
partition_0,mol0392,CCCCCC/C=C/CCCCCC(=O)O,0,4,5.875300,5.423700,0.451600,0.003608
partition_0,mol0393,CCCc1cc2ccccc2c2ccccc12,0,4,3.912700,3.500300,0.412400,0.000547
partition_0,mol0394,COc1cc(OC)c(-c2ccc(I)cc2)cc1C=O,0,4,3.916900,3.215600,0.701300,0.054787
partition_0,mol0395,O=[N+]([O-])c1ccc(O)c(O)c1,0,4,3.451700,2.681400,0.770300,0.134072
partition_0,mol0396,Cc1coc2cc(O)c(C=O)cc2c1=O,0,4,3.746500,3.463600,0.282900,0.000193
partition_0,mol0397,CN(C)c1ccc(-c2ccc3occc3c2)cc1,0,4,3.949800,3.351700,0.598100,0.071365
partition_0,mol0398,O=C1C(O)Nc2ccc(C(F)(F)F)n21,0,4,3.143300,2.529800,0.613500,0.090161
partition_0,mol0399,Nc1ccn([C@H]2C[C@H](O)[C@@H](CO)O2)c(=O)n1,0,4,4.483700,3.611500,0.872200,0.222312
partition_0,mol0400,CC1CCCC1=O,0,4,4.309500,4.305500,0.004000,0.000024
partition_0,mol0401,CCCCCCCCCCCO,0,4,7.452200,7.437800,0.014400,0.008652
partition_0,mol0402,O=C(Cn1c2ccccc2c(=O)c2ccccc21)NC[C@H]1C[CH]N(Cc2ccccc2)C1,0,4,2.588300,2.588300,0.000000,0.000003
partition_0,mol0403,O=Cc1ccc(I)cc1,0,4,3.723900,3.723900,0.000000,0.000060
partition_0,mol0404,CCCCCCCCCn1c2ccccc2c(=O)c2cc(Cl)ccc21,0,4,3.490900,2.714100,0.776800,0.214675
partition_0,mol0405,CCCCCCCCCCCCOc1cc(C=O)cc(OCCCCCCCCCCC)c1,0,4,3.447900,2.873000,0.574900,0.074063
partition_0,mol0406,CCCCCCCCCCCCSCCCCCCCCCCCC,0,4,5.689300,5.659700,0.029600,0.012117
partition_0,mol0407,CCCCn1c2ccc(-c3cc(F)cc(F)c3)cc2c2cc(-c3cc(F)cc(F)c3)ccc21,0,4,3.803400,3.396900,0.406500,0.036108
partition_0,mol0408,CCc1coc2cc(O)ccc12,0,4,4.428600,3.672200,0.756400,0.072290
partition_0,mol0409,CCCCCn1c2ccc([N+](=O)[O-])cc2c(=O)c2cc([N+](=O)[O-])ccc21,0,4,3.508300,2.845200,0.663100,0.961080
partition_0,mol0410,CCCCCCCCCOc1ccc2cc(N(C)C)ccc2c1,0,4,3.170900,2.491400,0.679500,0.128691
partition_0,mol0411,CN1CCN(Cc2cccc3ccccc23)CC1,0,4,4.219100,3.403300,0.815800,0.003013
partition_0,mol0412,CC(N)=O,0,4,5.567900,5.506800,0.061100,0.003041
partition_0,mol0413,O=[N+]([O-])c1ccc(O)cc1,0,4,4.126300,3.087300,1.039000,0.459416
partition_0,mol0414,CC(=O)Nc1ccc(Cl)cc1Cl,0,4,4.598800,4.033800,0.565000,0.041342
partition_0,mol0415,Cc1coc2cc(N(C)C)ccc2c1=O,0,4,3.810100,3.020400,0.789700,0.246184
partition_0,mol0416,Nc1ccc2cc(S(=O)(=O)O)ccc2c1,0,4,3.541900,2.782700,0.759200,0.115831
partition_0,mol0417,CCCN(C)C,0,4,5.361000,5.342400,0.018600,0.008192
partition_0,mol0418,COc1ccc(C=O)cc1F,0,4,3.907200,3.423500,0.483700,0.000043
partition_0,mol0419,Cc1cc2occc(=O)c2cc1O,0,4,3.813400,3.084700,0.728700,0.000035
partition_0,mol0420,OC1=CC2=CC=CC2=C1,0,4,0.455200,0.040500,0.414700,0.000714
partition_0,mol0421,CCCCCCCCCSCCCCC,0,4,5.716000,5.684800,0.031200,0.017937
partition_0,mol0422,CC1CC(=O)c2ccc(F)cc2N1,0,4,3.355400,2.713400,0.642000,0.151734
partition_0,mol0423,CC1CCc2c1cc(C(F)(F)F)cc2C(F)(F)F,0,4,4.754800,4.576000,0.178800,0.018291
partition_0,mol0424,CCCCCCCCCCC(=O)OC,0,4,6.055100,6.052900,0.002200,0.005357
partition_0,mol0425,CC1c2ccc(C(F)(F)F)cc2-c2cc(C(F)(F)F)ccc21,0,4,4.587600,3.841600,0.746000,0.000177
partition_0,mol0426,CCCCCCCCCCCCCSCCCCCCCCC,0,4,5.649900,5.619500,0.030400,0.013123
partition_0,mol0427,CCCCCCCCCCSCCCCCCC,0,4,5.740800,5.709100,0.031700,0.018657
partition_0,mol0428,CCCCO,0,4,7.255600,7.243300,0.012300,0.010167
partition_0,mol0429,CCCCCCCC(=O)NCc1ccc(CN2C(=O)c3ccccc3C2=O)cc1,0,4,3.686700,3.338700,0.348000,0.003242
partition_0,mol0430,CCc1coc2cc(O)c(O)cc12,0,4,4.256600,3.548800,0.707800,0.134731
partition_0,mol0431,CCCCCCCCCCSCCCCCC(=O)OC,0,4,5.578400,5.543300,0.035100,0.010055
partition_0,mol0432,CC1(C)CCc2cc(NC(=O)Cn3c4ccccc4c(=O)c4ccccc43)ccc21,0,4,3.497300,2.745100,0.752200,0.233663
partition_0,mol0433,CCCCCC1(CCC)c2ccccc2-c2ccc(-n3c4ccccc4c4ccccc43)cc21,0,4,3.839500,3.390500,0.449000,0.266803
partition_0,mol0434,C#N,0,4,9.693800,9.670900,0.022900,0.003486
partition_0,mol0435,CN1Cc2oc3cc(O)c(F)cc3c(=O)c2C1,0,4,3.488200,3.306100,0.182100,0.001167
partition_0,mol0436,CCCCCCCCCCCCCOC1=CC=c2c1ccc1c3c(ccc21)C=CC=3,0,4,1.986500,0.991500,0.995000,0.259154
partition_0,mol0437,CCCCCOc1cc(OCCCC)c(C=O)cc1C=O,0,4,3.875700,3.502300,0.373400,0.006016
partition_0,mol0438,CCCCCCCCCCCCCC(=O)c1ccc(F)cc1,0,4,3.779300,3.812300,-0.033000,0.002215
partition_0,mol0439,CCCCCCCOc1cc(OCCCCC)c(C=O)cc1C=O,0,4,3.878600,3.515300,0.363300,0.000282
partition_0,mol0440,CCOC(=O)CCCCN1c2ccc(F)cc2CCC1C,0,4,3.705700,3.078100,0.627600,0.100356
partition_0,mol0441,COC(=O)c1ccc(O)cc1,0,4,4.707600,3.891400,0.816200,0.003070
partition_0,mol0442,CCCCCCCCCCOc1cc(OCCCCCCC)c(C=O)cc1C=O,0,4,3.102900,2.071400,1.031500,0.298760
partition_0,mol0443,CCCCCC(=O)c1nc2ccccc2[nH]1,0,4,3.988100,3.313300,0.674800,0.152610
partition_0,mol0444,CCCCCCCCCCCCCSCCCCCCCCCCC,0,4,5.712400,5.679000,0.033400,0.018342
partition_0,mol0445,Cc1cc(N2c3ccccc3Sc3cc(N(c4ccccc4)c4ccccc4)ccc32)ccc1C#N,1,0,3.656300,3.079000,0.577300,0.868824
partition_0,mol0446,Clc1ccc2cc3ccccc3cc2c1,1,0,3.493200,2.331700,1.161500,0.191651
partition_0,mol0447,Cc1cc(C)cc(-n2c3ccccc3c3ccc4c5ccccc5n(-c5cc(C)cc(C)c5)c4c32)c1,1,0,3.510100,3.035200,0.474900,0.219637
partition_0,mol0448,Cc1cc(-n2c3ccccc3c3cc4ccccc4cc32)c2ccccc2c1,1,0,3.295400,2.634800,0.660600,0.117682
partition_0,mol0449,CCCc1c(C)c2n(c1C)[B-](F)(F)[N+]1=C(C)C(C)=C(C)C1=C2c1ccc2c3ccccc3n(-c3ccccc3)c2c1,1,0,2.796300,1.453500,1.342800,0.935555
partition_0,mol0450,CC1=N/C(=C\c2c3ccccc3cc3ccccc23)C(=O)O1,1,0,2.771300,1.798700,0.972600,0.599251
partition_0,mol0451,COCCC1=CC2=NC1=CC=c1[nH]c(cc1CCOC)=C1C=C(C)C(=N1)c1[nH]c2cc1CCOC,1,0,0.718100,0.341700,0.376400,0.032593
partition_0,mol0452,Cc1cc2ccccc2c2cc3ccccc3cc12,1,0,3.648500,2.689100,0.959400,0.050845
partition_0,mol0453,N#Cc1cccc(N(c2ccccc2)c2ccccc2)c1,1,0,3.406800,2.958500,0.448300,0.060195
partition_0,mol0454,CC1=N/C(=C\c2ccc(N3CCOCC3)cc2)C(=O)N1,1,0,3.211400,1.864100,1.347300,1.686323
partition_0,mol0455,CC1(C)CC=C(/C=C/C(N)=C/C=C2C=Nc3ccccc3C2(C)C)C1,1,0,3.023000,1.596000,1.427000,2.808126
partition_0,mol0456,CN(C)c1ccc(C#Cc2cc(C#N)c3ccc4c(C#Cc5ccc(N(C)C)cc5)cc(C#Cc5ccc(N(C)C)cc5)c5ccc2c3c45)cc1,1,0,2.874400,2.156500,0.717900,2.995023
partition_0,mol0457,Cc1cc(N2c3ccccc3Oc3cc(N(c4ccccc4)c4ccccc4)ccc32)ccc1C#N,1,0,3.023900,2.736500,0.287400,0.283873
partition_0,mol0458,CC1=P(c2ccccc2)(c2ccccc2)C(c2ccccc2)=CC(=Cc2ccccc2)C1,1,0,2.565400,2.520800,0.044600,0.000703
partition_0,mol0459,CC1=Cc2ccc3ccccc3[n+]2[B-](F)(F)N1c1cccc2ccccc12,1,0,2.913900,2.021300,0.892600,0.501708
partition_0,mol0460,C[Si](C)C#Cc1c2ccccc2c(C#C[Si](C)(C)C)c2cc3ccccc3cc12,1,0,1.928000,1.928000,0.000000,0.022752
partition_0,mol0461,Cc1ccc2cc3ccccc3cc2c1,1,0,3.501500,2.348700,1.152800,0.189999
partition_0,mol0462,Cc1cnc2oc3cc(-n4c5ccc(N(c6ccccc6)c6ccccc6)cc5c5cccnc54)cnc3c2c1,1,0,3.384600,2.979400,0.405200,0.080773
partition_0,mol0463,CCOc1cc(/C=C2/C(=N)N3N=CSC3=NC2=O)cc(OC)c1OC,1,0,2.854300,1.863500,0.990800,0.548590
partition_0,mol0464,S=[PH]1c2cc(N3c4ccccc4Oc4ccccc43)ccc2-c2ccc(N3c4ccccc4Oc4ccccc43)cc21,1,0,3.222100,2.943800,0.278300,0.679157
partition_0,mol0465,Cc1cc(C)cc(-c2ccc3c(c2)c2cc(C)ccc2n3-c2cc(C)cc3ccccc23)c1,1,0,3.772200,3.279500,0.492700,0.257907
partition_0,mol0466,O=S(=O)(c1ccccc1)c1ccc(-c2cccc(-n3c4ccccc4c4cc(N(c5ccccc5)c5ccccc5)ccc43)c2)cc1,1,0,3.457300,3.014300,0.443000,0.093363
partition_0,mol0467,CC1=Cc2cc3ccccc3n2[B-](F)(F)[N+]1=C1C=NC=N1,1,0,2.028300,1.309200,0.719100,0.000172
partition_0,mol0468,CSc1cc2ccc3cccc4ccc(c1)c2c34,1,0,3.381200,2.784300,0.596900,0.041190
partition_0,mol0469,CSc1ccc2[nH]c3ccccc3c2c1,1,0,3.713600,3.145800,0.567800,0.077598
partition_0,mol0470,CC1=N/C(=C/c2c3ccccc3cc3ccccc23)C(=O)N1,1,0,2.818000,1.973600,0.844400,0.394400
partition_0,mol0471,CCc1ccc2cc3cc(C)ccc3cc2c1,1,0,3.472100,2.353700,1.118400,0.187281
partition_0,mol0472,CCCC1=Cc2nc1ccc1[nH]c(cc1CCC)c1nc(ccc3[nH]c2cc3CCC)C(C)=C1,1,0,2.151900,1.531100,0.620800,0.213969
partition_0,mol0473,Nc1ccc([N+](=O)[O-])cc1[N+](=O)[O-],1,0,3.420200,2.685600,0.734600,0.167233
partition_0,mol0474,CCC1=C/C(=C2\C=CC(C)=N2)C1=O,1,0,3.000000,2.195000,0.805000,0.014120
partition_0,mol0475,COc1ccc(-n2c(-c3ccc4n3[B-](F)(F)[N+]3=C(C)C(C)=C(C)C3=C4C)nc3c4ccccc4c4ccccc4c32)cc1,1,0,2.817700,1.475700,1.342000,1.070453
partition_0,mol0476,CCCC1=Cc2nc1cc(NC(C)=O)c1nc(ccc3[nH]c2cc3CCC)C(C)=C1,1,0,1.688500,1.466000,0.222500,0.054048
partition_0,mol0477,COCCC1=Cc2nc1ccc1[nH]c(cc1CCOC)c1nc(ccc3[nH]c2cc3CCOC)C(C)=C1,1,0,2.153700,1.523600,0.630100,0.227060
partition_0,mol0478,CCCCCC1(C)c2cc(C=Cc3ccc(C#N)cc3)ccc2-c2ccc(C=Cc3ccc(C#N)cc3)cc21,1,0,3.481400,2.751800,0.729600,3.802577
partition_0,mol0479,CN(C)c1ccc(C2=CC(=O)C=CC2=O)cc1,1,0,1.802100,0.958100,0.844000,0.348909
partition_0,mol0480,CSc1cc(C(F)(F)F)c(N2c3ccccc3Oc3cc(-n4c5ccccc5c5ccccc54)ccc32)c(C(F)(F)F)c1,1,0,3.128400,2.774600,0.353800,0.033797
partition_0,mol0481,CC1=Cc2cc3cc4ccccc4cc3cc2NB1c1ccccc1,1,0,3.006000,1.949800,1.056200,0.166595
partition_0,mol0482,Cc1cc2c([nH]1)[nH]c1ccccc12,1,0,4.146400,3.639400,0.507000,0.040786
partition_0,mol0483,CCCc1cc2[nH]c1ccc1nc(c3cc(CCC)c(ccc4nc2C=C4)[nH]3)C=C1C,1,0,2.165100,1.530200,0.634900,0.228897
partition_0,mol0484,CSc1ccc(N(C)c2ccccc2)cc1,1,0,3.755500,3.177300,0.578200,0.078033
partition_0,mol0485,CC1=CC(=[N+]2C(C)=Cc3c(C)cc(C)n3[B-]2(F)F)c2ccccc21,1,0,2.109700,0.594300,1.515400,0.219315
partition_0,mol0486,Cc1cc(-c2c(C#N)c(-c3c(C#N)cccc3C#N)c(C#N)c(-c3c(C#N)cccc3C#N)c2C#N)c2oc(=O)ccc2c1,1,0,3.948600,3.279300,0.669300,0.245401
partition_0,mol0487,CN1N=CC(=N)C1=O,1,0,2.427800,1.656500,0.771300,0.074576
partition_0,mol0488,Cc1ccc2oc3ncc(N4c5ccccc5N(c5ccccc5)c5ccccc54)cc3c2c1,1,0,2.605200,2.356700,0.248500,0.000685
partition_0,mol0489,c1ccc(N(c2ccccc2)c2ccc3c(c2)Sc2ccccc2N3C2CCCC2)cc1,1,0,3.415300,3.057600,0.357700,0.220405
partition_0,mol0490,Cc1cc2ccc1[nH]2,1,0,0.502100,0.946900,-0.444800,0.011051
partition_0,mol0491,CCCC1=Cc2nc1ccc1[nH]c(cc1CCC)c1nc(ccc3[nH]c2c(-c2cccc(OC)c2)c3-c2cccc(OC)c2)C(C)=C1,1,0,2.139600,1.533200,0.606400,0.301585
partition_0,mol0492,CCCc1c2n(c3cc4ccccc4cc13)C(=O)C(C)=C2,1,0,2.606700,2.037500,0.569200,0.015236
partition_0,mol0493,O=S(=O)(c1ccccc1)c1ccc(N2c3ccccc3N(c3ccccc3)c3ccccc32)cc1,1,0,2.610500,2.356500,0.254000,0.001517
partition_0,mol0494,Cc1cc(C)cc(C(=O)c2cc(C)cc(N3c4ccccc4Sc4ccccc43)c2)c1,1,0,3.193500,2.840300,0.353200,0.041555
partition_0,mol0495,CCc1c(C)c2n(c1C)[B-](F)(F)[N+]1=C(C)C(C)=C(C)C1=C2c1ccccc1,1,0,2.802400,1.451500,1.350900,0.933462
partition_0,mol0496,CC1=c2c(cc3cccc4ccc(N5CCCC5)c2c43)C=C1,1,0,1.511400,0.892000,0.619400,0.109710
partition_0,mol0497,Cc1cc(C)c2c(c1)c1cc(C)cc(C)c1n2-c1ccc(N2c3ccccc3Oc3ccccc32)cc1,1,0,3.082200,2.713400,0.368800,0.017676
partition_0,mol0498,CC1=C2C=CC=[N+]2[B-](F)(F)n2c(C)ccc21,1,0,2.923000,1.439900,1.483100,0.807265
partition_0,mol0499,Cc1cc(C)c(C)c(N2c3ccccc3Nc3ccccc32)c1C,1,0,2.465600,2.215400,0.250200,0.000062
partition_0,mol0500,N#Cc1cc(C#Cc2ccccc2)c2ccc3c(C#Cc4ccccc4)cc(C#Cc4ccccc4)c4ccc1c2c43,1,0,3.112900,2.264500,0.848400,2.176828
partition_0,mol0501,CC1(C)CC(=O)C2=C(C1)NC1=C(C(=O)CC(C)(C)C1)C2c1ccc(C#N)cc1,1,1,2.959000,2.095000,0.864000,0.244637
partition_0,mol0502,CC(C)(C)C1=Cc2ccc3c4c(ccc1c24)C=C3,1,1,1.619100,1.305200,0.313900,0.000674
partition_0,mol0503,CCCCCC1(CCC)c2cc(N3c4ccccc4Sc4ccccc43)ccc2-c2ccc(N3c4ccccc4Sc4ccccc43)cc21,1,1,3.328100,2.919900,0.408200,0.065358
partition_0,mol0504,Cc1cc(N(C)c2ccccc2)ccc1-c1nc2ccccc2c2ccccc12,1,1,3.777700,3.312700,0.465000,0.789765
partition_0,mol0505,CCCCCCCCCCN1c2ccccc2Sc2cc(/C=C(\C#N)C(=O)O)ccc21,1,1,2.359100,1.627900,0.731200,0.520807
partition_0,mol0506,Cc1c(Cl)cccc1N1C(=O)C(=O)NC1=S,1,1,2.708800,2.708500,0.000300,0.000001
partition_0,mol0507,COc1ccc(C2=NN(CN3C(=O)C(=O)c4ccccc43)C(=O)C2)cc1,1,1,2.265200,1.973600,0.291600,0.013859
partition_0,mol0508,CCc1ccc2c(c1)C(C)(C)C(=O)N2C1CCCCC1,1,1,4.412900,3.888000,0.524900,0.029559
partition_0,mol0509,O=c1cc(O)c(=O)c1=O,1,1,1.283000,1.283000,0.000000,0.000001
partition_0,mol0510,COc1cccc(N2C(=O)C(=O)NC2=S)c1,1,1,2.624100,2.622400,0.001700,0.000293
partition_0,mol0511,CC1=Cc2cc(C(=O)c3ccccc3)c3c4c(ccc1c24)C=C3,1,1,1.567400,1.258800,0.308600,0.000203
partition_0,mol0512,CC1=CC(C)=C2C=CC=C12,1,1,0.550400,0.198900,0.351500,0.000155
partition_0,mol0513,O=C1NC(=O)N(c2ccccc2)C1=O,1,1,3.416700,3.336600,0.080100,0.004417
partition_0,mol0514,CCCCCCCCCN1c2ccc(/C=C(\C#N)C(=O)O)cc2C2CCCC21,1,1,3.206400,1.901600,1.304800,1.466100
partition_0,mol0515,CCc1c(C)c2n(c1C)[B-](F)(F)[N+]1=C(C)C(C)=C(C)C1=C2c1c2ccccc2cc2ccccc12,1,1,2.797100,1.453900,1.343200,0.941266
partition_0,mol0516,Cc1cc(Cc2ccc3c(c2)c2cc(C)ccc2n3C)cc(C(=O)c2ccccc2)c1,1,1,3.337100,3.337900,-0.000800,0.000532
partition_0,mol0517,CC1(C)CCc2cc3c(cc21)c1ccccc1n3-c1ccccc1,1,1,3.808400,3.374300,0.434100,0.142498
partition_0,mol0518,Cc1cc2ccccc2c2[n+]1[B-](c1ccccc1)(c1ccccc1)Oc1ccc3ccccc3c1-2,1,1,2.842000,2.261400,0.580600,0.341489
partition_0,mol0519,N#Cc1ccc2c(c1)C(C1=C3C=CC=C3C=C1)(c1cc3ccccc3c3ccccc13)c1cc(C#N)ccc1-2,1,1,0.656800,0.320900,0.335900,0.000246
partition_0,mol0520,O=C1Cc2cc(N3CCOCC3)ccc2N1,1,1,3.727400,3.180000,0.547400,0.054651
partition_0,mol0521,O[C@H]1[CH]CN(C2=[N+]3C(=C(c4ccc(OCc5ccccc5)cc4)c4ccc(N5CCCCC5)n4[B-]3(F)F)C=C2)C1,1,1,0.895200,0.895200,0.000000,0.000119
partition_0,mol0522,Cc1cc(-n2c3ccccc3c3cc(C)ccc32)c2ccccc2c1,1,1,3.770600,3.257600,0.513000,0.279602
partition_0,mol0523,O=C1C=[O+][B-](F)(F)O1,1,1,3.069100,3.069100,0.000000,0.001499
partition_0,mol0524,O=S(=O)(c1ccc(N2c3ccccc3Oc3ccccc32)cc1)c1ccc(N2c3ccccc3Oc3ccccc32)cc1,1,1,3.295200,2.903600,0.391600,0.008509
partition_0,mol0525,N#Cc1cc(C#N)c2ccc3c(-c4ccccc4)cc(C#N)c4ccc1c2c43,1,1,3.405700,2.401400,1.004300,0.954667
partition_0,mol0526,CCC1=Cc2ccc3c4c(ccc1c24)C(C)=C3,1,1,1.607800,1.290900,0.316900,0.001598
partition_0,mol0527,CCCCCCCn1cccc1/C=N\c1cc(Cl)cc(Cl)c1,1,1,3.595600,3.015900,0.579700,0.305158
partition_0,mol0528,N#Cc1cn(-c2ccccc2)nc1-c1ccc([N+](=O)[O-])cc1,1,1,3.846600,3.108900,0.737700,1.019721
partition_0,mol0529,O=S=O,1,1,2.284100,2.284100,0.000000,0.020839
partition_0,mol0530,C1=Cc2cc(N3c4ccccc4Oc4ccccc43)c3c4c(ccc1c24)C=C3,1,1,1.473300,1.097500,0.375800,0.126305
partition_0,mol0531,C[CH]CC[C@@H](C)CCCc1ccoc1,1,1,4.242800,4.242800,0.000000,0.000002
partition_0,mol0532,Cc1cc2c3c(cccc3c1)C=C2,1,1,2.623300,2.255200,0.368100,0.005152
partition_0,mol0533,O=S(=O)(c1ccccc1)c1ccc2c(c1)c1cc(S(=O)(=O)c3ccccc3)ccc1n2-c1cc2cccnc2c2ncccc12,1,1,3.832600,3.427300,0.405300,0.293697
partition_0,mol0534,CCCCCCCCC(=O)c1cc(F)c(O)c(F)c1,1,1,3.897400,3.584900,0.312500,0.001790
partition_0,mol0535,CC1=Cc2cc(C#N)c3c4c(ccc1c24)C=C3,1,1,1.542800,1.232000,0.310800,0.000107
partition_0,mol0536,Cc1cc(C)c2c(C)cc(C)c3c2c1C=C3,1,1,2.558300,2.183100,0.375200,0.012660
partition_0,mol0537,CCCCCCCCN1C(=O)c2ccccc2C1=O,1,1,3.574600,3.232400,0.342200,0.003954
partition_0,mol0538,COc1ccc2nc3ccc(S)cc3c(NC(=O)C=Cc3ccccc3)c2c1,1,1,3.033900,2.165300,0.868600,0.448804
partition_0,mol0539,O=S(=O)(c1ccccc1)c1ccc(-c2cc(-n3c4ccccc4c4ccccc43)cc(-n3c4ccccc4c4ccccc43)c2)cc1,1,1,3.905900,3.444200,0.461700,0.273907
partition_0,mol0540,CC(=O)N1C(=O)C(=O)c2ccccc21,1,1,2.339100,2.338900,0.000200,0.000386
partition_0,mol0541,CCCCCOc1cc2ccc3c(-c4ccncc4)cc(-c4ccncc4)c4ccc(c1)c2c34,1,1,3.436800,2.669700,0.767100,0.051465
partition_0,mol0542,N#Cc1ccc2ccc3cccc4ccc1c2c34,1,1,3.686300,2.624000,1.062300,0.092376
partition_0,mol0543,Cc1cc2c3cc(C#N)c(C#N)cc3n(-c3ccccc3)c2cc1C#N,1,1,3.453500,2.973200,0.480300,0.140334
partition_0,mol0544,CSc1cc(C)cc2ccccc12,1,1,3.893800,3.056300,0.837500,0.226278
partition_0,mol0545,CCCCCCCCN1c2ccccc2C(C)(C)c2cc(N3c4ccccc4C(C)(C)c4ccccc43)ccc21,1,1,4.006800,3.365100,0.641700,0.101658
partition_0,mol0546,CCCCCCCCCN1c2ccccc2C12C=Nc1c(cc3ccc4cccc5ccc1c3c45)O2,1,2,3.159300,2.491700,0.667600,0.288993
partition_0,mol0547,CCC1=Cc2ccc3c4c(ccc1c24)C=C3,1,2,1.610400,1.294300,0.316100,0.000529
partition_0,mol0548,CCCCOc1ccc2ccc3cccc4ccc1c2c34,1,2,3.603400,2.586200,1.017200,0.227308
partition_0,mol0549,CC1=CC(Cc2ccc3c(c2)c2cc(C)ccc2n3C)=CC1(c1ccccc1)c1cc(C)cc(C)c1,1,2,3.834100,3.158700,0.675400,0.066273
partition_0,mol0550,CC1=Cc2ccc3c4c(cc(N(C)C)c1c24)C=C3,1,2,1.374400,1.039100,0.335300,0.017770
partition_0,mol0551,CCCCCCCCCN1C(=O)c2cccc3cc(N=Cc4ccc(N5CCOCC5)cc4)cc(c23)C1=O,1,2,3.224500,2.522400,0.702100,0.244228
partition_0,mol0552,CC(=O)N/N=C/c1c2ccccc2cc2ccccc12,1,2,3.120500,2.027900,1.092600,0.563986
partition_0,mol0553,CCCCCCCCCN1c2ccc(C#N)cc2Sc2cc(C=O)ccc21,1,2,2.730800,2.285100,0.445700,0.279337
partition_0,mol0554,N#Cc1nc2ccccc2nc1-c1cn(-c2ccccc2)c2ccccc12,1,2,2.911400,2.685100,0.226300,0.023574
partition_0,mol0555,CCCCCOc1cc(OCCC)ccc1-n1cc(-c2ccc(C=C(C#N)C(=O)O)cc2)nn1,1,2,3.696100,2.696400,0.999700,1.893807
partition_0,mol0556,CCCCCCCCCN1c2ccccc2Sc2cc(/C=C(\C#N)C(=O)O)ccc21,1,2,2.405800,1.664500,0.741300,0.546975
partition_0,mol0557,CCCCCCCCCCCCCCCOc1ccccc1N1c2ccccc2Sc2cc(/C=C(\C#N)C(=O)O)ccc21,1,2,2.293200,1.523400,0.769800,0.687036
partition_0,mol0558,BrC1=Cc2ccc3c4c(ccc1c24)C=C3,1,2,1.586800,1.267600,0.319200,0.000169
partition_0,mol0559,CCc1cc2c3c(ccc4c3c1C(C)=C4)C=C2,1,2,1.618000,1.302700,0.315300,0.001082
partition_0,mol0560,CCCCCCCN1C(=O)c2cccc3c(-c4ccc(OC)cc4)ccc(c23)C1=O,1,2,3.434600,2.615800,0.818800,0.648092
partition_0,mol0561,CCCc1cc2ccc3cc(C)cc4cc1-c2c34,1,2,1.639600,1.289500,0.350100,0.001300
partition_0,mol0562,CCCCCCCCCN1c2ccc(Br)cc2C(C)(C)c2cc(Br)ccc21,1,2,3.946600,3.365100,0.581500,0.068422
partition_0,mol0563,Cc1ccc2c(c1)c1cc(-c3ccccc3)ccc1n2-c1cccc(S(=O)(=O)c2ccccc2)c1,1,2,3.840600,3.417900,0.422700,0.259858
partition_0,mol0564,BrC1=Cc2ccc3c4c(ccc1c24)C(Br)=C3,1,2,1.546300,1.226700,0.319600,0.000745
partition_0,mol0565,C1=Cc2ccc3c4c(ccc1c24)C=C3c1ncccn1,1,2,1.541000,1.205000,0.336000,0.007955
partition_0,mol0566,CCCCCCCCN1c2ccccc2Sc2cc(/C=C(\C#N)C(=O)O)ccc21,1,2,2.378300,1.641100,0.737200,0.583200
partition_0,mol0567,CCCCCCCN1c2cc(N(C)C)ccc2C(C)(C)C12C=Nc1c(ccc3cc4ccccc4cc13)O2,1,2,3.058100,2.109600,0.948500,0.291239
partition_0,mol0568,Cc1ccc2ccc3c(C)cc(C)c4ccc1c2c34,1,2,3.677600,2.638600,1.039000,0.003148
partition_0,mol0569,CCCc1cc(CCC)c2ccc3c(C(=O)c4ccccc4)cc(C)c4ccc1c2c43,1,2,3.327700,2.454600,0.873100,0.755860
partition_0,mol0570,N#Cc1ccc(-c2ccc(N3CCCC3)cc2)c2c1-c1ccccc1C2=O,1,2,2.434600,2.144500,0.290100,0.141039
partition_0,mol0571,CCCCCCCN1c2ccccc2Sc2cc(/C=C(\C#N)C(=O)O)ccc21,1,2,2.374800,1.638300,0.736500,0.579301
partition_0,mol0572,CCCCCCCCCN1c2ccccc2C(C)(C)c2cc(C#N)ccc21,1,2,3.781900,3.024900,0.757000,0.772025
partition_0,mol0573,CCCCCCCCCCCN1c2ccccc2Sc2cc(Br)ccc21,1,2,2.470400,2.420200,0.050200,0.008149
partition_0,mol0574,N#Cc1ccc2ccc3ccc(c1)c23,1,2,0.831500,0.769000,0.062500,0.000257
partition_0,mol0575,CCCC1(C)c2cc(-n3c4ccccc4c4ccccc43)ccc2-c2ccc(-n3c4ccccc4c4ccccc43)cc21,1,2,3.821600,3.393300,0.428300,1.097061
partition_0,mol0576,C1=NC(c2cn(-c3ccccc3)nc2-c2ccccc2)=C1,1,2,1.796200,1.049900,0.746300,0.096721
partition_0,mol0577,CCCCCCCCCCBr,1,2,6.262900,6.262000,0.000900,0.002418
partition_0,mol0578,O=S(=O)(c1ccccc1)c1ccc(-n2c3ccccc3c3cc(-n4c5ccccc5c5ccccc54)cnc32)cc1,1,2,3.739300,3.271300,0.468000,0.117331
partition_0,mol0579,OC[C@H]1O[CH][C@@H](NC(=S)Nc2ccc3cc4ccccc4cc3c2)[C@H](O)[C@H]1O,1,2,2.408900,2.408900,0.000000,0.004534
partition_0,mol0580,O=c1ccn([C@H]2O[CH][C@H](O)[C@H]2O)c(=O)[nH]1,1,2,3.658200,3.658200,0.000000,0.000001
partition_0,mol0581,CCCCCCCCCCCCCOc1cc2cc(/C=C(\C#N)c3ccc([N+](=O)[O-])cc3)c(=O)oc2cc1OCCCCCCCCCCCC,1,2,2.942400,2.044700,0.897700,1.341795
partition_0,mol0582,O=C(F)c1ccc(N(c2ccccc2)c2ccccc2)cc1,1,2,3.490700,2.577200,0.913500,0.944115
partition_0,mol0583,CC1(C)c2ccccc2N(c2ccc(-n3nc(C#N)c(-c4ccccc4)n3)cc2)c2ccccc21,1,2,3.421600,2.770200,0.651400,1.625760
partition_0,mol0584,CCCC1=Cc2ccc3c4c(ccc1c24)C(C)=C3,1,2,1.606000,1.289600,0.316400,0.001619
partition_0,mol0585,COc1ccnc(OC)n1,1,2,5.098700,4.518200,0.580500,0.006480
partition_0,mol0586,CCc1cc(C)c2ccc3c(CC)cc(CC)c4ccc1c2c34,1,2,3.604800,2.636900,0.967900,0.003999
partition_0,mol0587,CCC1=C2C=CC=C2C(C)=C1,1,2,0.565800,0.214800,0.351000,0.000137
partition_0,mol0588,CCCCCCCN1c2ccc(-c3ccc(C=C(C#N)C(=O)O)cc3)cc2C2CCCC21,1,2,2.956500,2.136500,0.820000,1.738286
partition_0,mol0589,CCCCCCCCCN1C(=O)c2cccc3c(-c4cc(OC)c(OC)c(OC)c4)ccc(c23)C1=O,1,2,3.239900,2.598800,0.641100,0.503157
partition_0,mol0590,CN(C)c1ccc(/C=N/NC(=O)Cn2c3ccccc3c(=O)c3ccccc32)cc1[N+](=O)[O-],1,2,2.910100,2.190900,0.719200,0.170138
partition_0,mol0591,Cc1cc(C)c2ccc3c(C)cc(C)c4ccc1c2c43,1,2,3.664500,2.597200,1.067300,0.002430
partition_0,mol0592,CCCCCCCCCN1C(=O)c2cccc3c(-c4ccc(N(c5ccccc5)c5ccccc5)cc4)ccc(c23)C1=O,1,2,3.071700,2.542700,0.529000,0.983415
partition_0,mol0593,CCc1cc(C)c2cccc3c2c1C=C3,1,2,2.593900,2.226200,0.367700,0.010219
partition_0,mol0594,CC1=Cc2ccc3c4c(cc(N(c5ccccc5)c5ccccc5)c1c24)C=C3,1,2,1.491700,1.174900,0.316800,0.038293
partition_0,mol0595,Cc1cc2cccc3ccc4cccc1c4c32,1,2,3.757800,2.768000,0.989800,0.001945
partition_0,mol0596,CC(C)(C)C1=CC2=CC=CC2=C1,1,2,0.659700,0.287300,0.372400,0.000146
partition_0,mol0597,Cc1cc(-c2cc(-c3ccccc3)nc(-c3ccccc3)n2)cc(C2c3ccccc3Oc3ccccc32)c1,1,2,4.143200,4.015500,0.127700,0.023318
partition_0,mol0598,c1ccc2c(c1)Sc1ccccc1N2C1CCCC1,1,2,3.417800,3.100400,0.317400,0.034182
partition_0,mol0599,Cn1c2ccccc2c2ccc(-c3c(C(F)(F)F)cc(C(F)(F)F)cc3C(F)(F)F)cc21,1,2,3.834800,3.362200,0.472600,0.070772
partition_0,mol0600,CCC1(C)c2cc(C#Cc3cccc(C=C(C#N)C#N)c3)ccc2-c2ccc(C#Cc3cccc(C=C(C#N)C#N)c3)cc21,1,2,3.734800,2.983700,0.751100,0.813843
partition_0,mol0601,CCCCCCCCC(=O)c1cc2cc3c(cc2oc1=O)N(CC)CCN3CC,1,2,2.458700,1.634700,0.824000,0.335293
partition_0,mol0602,N#Cc1cc2ccc3cc(C#N)cc4ccc(c1)c2c34,1,2,3.577400,2.818800,0.758600,0.019962
partition_0,mol0603,CCCCCCCCCN1c2ccccc2Sc2cc(F)ccc21,1,2,3.323900,3.038700,0.285200,0.006115
partition_0,mol0604,N#CC1=Cc2ccc3c4c(ccc1c24)C(C#N)=C3,1,2,1.571200,1.225200,0.346000,0.005867
partition_0,mol0605,N#Cc1ccc2cccc3c2c1C=C3,1,2,2.428700,2.063300,0.365400,0.010939
partition_0,mol0606,CCCCCCCCCCCOc1ccc2ccc3cccc4ccc1c2c34,1,3,3.575400,2.586700,0.988700,0.212854
partition_0,mol0607,CC(=O)Nc1ccc2ccccc2c1,1,3,3.981900,3.223000,0.758900,0.052220
partition_0,mol0608,Cc1cc2ccc3cccc4c(C(C)(C)C)cc(c1)c2c34,1,3,3.673300,2.782500,0.890800,0.003536
partition_0,mol0609,CCCCCCCCCCCCc1cc2c3sc(CCCCCCCCC)cc3c3sc(CCCCCCCCCC)cc3c2s1,1,3,3.829200,3.698900,0.130300,0.000007
partition_0,mol0610,CCCCCc1cc2ccc3ccc4cc(C)sc4c3c2s1,1,3,3.762900,3.522500,0.240400,0.023152
partition_0,mol0611,Nc1cnc2ccccc2c1,1,3,3.744000,2.880900,0.863100,0.142734
partition_0,mol0612,CCCCCCCCCCCCN1c2ccccc2Sc2ccc(C#Cc3ccc(F)c(F)c3)cc21,1,3,3.122300,2.814900,0.307400,0.008802
partition_0,mol0613,CCc1ccc2ccc3cccc4ccc1c2c34,1,3,3.718100,2.744800,0.973300,0.004882
partition_0,mol0614,COc1c(-c2ccc(C=O)cc2)cc2ccc3c(OC)cc(OC)c4ccc1c2c34,1,3,3.459300,2.479700,0.979600,0.111125
partition_0,mol0615,c1ccc2c(c1)sc1nccc(C3CCCC3)c12,1,3,4.096600,3.740000,0.356600,0.061949
partition_0,mol0616,CCCCOC(=O)c1ccc2ccc3cccc4ccc1c2c34,1,3,3.613800,2.612400,1.001400,0.144546
partition_0,mol0617,COc1cc(-c2cc(-c3ccccc3)c3ccccc3c2)c2ccccc2c1,1,3,3.970500,3.200900,0.769600,0.189844
partition_0,mol0618,CCCC1(C)CCc2cc3ccc(N(C)C)cc3cc21,1,3,3.268200,2.621400,0.646800,0.118057
partition_0,mol0619,CCCCCCCn1ncc2c3nc4ccc(N5CCCC5)cc4nc3ccc21,1,3,2.519800,1.842100,0.677700,0.215995
partition_0,mol0620,CCCCCCCCCCCOc1cc2cc(-c3ccc([N+](=O)[O-])cc3)oc2cc1OCCCCCCC,1,3,3.298100,2.397700,0.900400,1.472416
partition_0,mol0621,Cc1cc(-n2ccc(=O)c3ccccc32)cc(C)c1S(=O)(=O)c1ccccc1,1,3,3.908200,3.024800,0.883400,0.038517
partition_0,mol0622,CCCCCCCCCCCCCCCOc1cc2c(OCCCCCCCCCCCCCC)ccc3ccc4c-3c2c(c1)c1cc(OCCCCCCCCCCCCCC)ccc41,1,3,1.867200,1.651300,0.215900,0.025547
partition_0,mol0623,Cc1cc2ccc3ccc4cc(c1)c2c3-4,1,3,1.658800,1.295900,0.362900,0.002725
partition_0,mol0624,CCOc1ccc2c(c1)c1cc(OC)ccc1n2-c1ccccc1,1,3,3.506400,2.902100,0.604300,0.191466
partition_0,mol0625,O=C1C=C2C=CC=C2O1,1,3,1.392000,0.942700,0.449300,0.007128
partition_0,mol0626,O=S1(=O)c2cc(N3c4ccccc4Sc4ccccc43)ccc2-c2ccc(N3c4ccccc4Sc4ccccc43)cc21,1,3,3.396500,2.879700,0.516800,1.808718
partition_0,mol0627,Nc1ccc2ccccc2c1,1,3,3.734400,2.964100,0.770300,0.097335
partition_0,mol0628,CC1=CC=c2c1ccc1ccc3c(c21)C=CC=3,1,3,0.164900,0.018900,0.146000,0.000137
partition_0,mol0629,CCCCCCC(=O)c1ccc2ccc3cccc4ccc1c2c34,1,3,3.591300,2.622100,0.969200,0.229235
partition_0,mol0630,CCCCCCCC(=O)c1cc(F)c(N2CCCC2)cc1F,1,3,3.884100,2.728500,1.155600,0.679463
partition_0,mol0631,Cc1cc(-c2cc(C#N)c(C#N)cc2-c2cc(C)c(-n3cccn3)c(C)c2)cc(C)c1-n1cccn1,1,3,4.399500,3.856500,0.543000,0.388553
partition_0,mol0632,CCCCCCCCCSc1cc(Cl)c(Cl)cc1/C=N/NC(=O)Cn1c2ccccc2c(=O)c2ccccc21,1,3,3.478300,2.751700,0.726600,0.255404
partition_0,mol0633,Cn1c(=O)sc2ccccc21,1,3,4.542200,4.006200,0.536000,0.083373
partition_0,mol0634,N#Cc1cn([C@H]2O[C@H](CO)[C@H](O)[C@@H]2O)c(N/N=C2\C(=O)c3cc(Br)ccc3N2Cc2ccccc2)n1,1,3,2.323400,1.151800,1.171600,0.395595
partition_0,mol0635,COc1ccc2cc(C#Cc3ccc([N+](=O)[O-])cc3)c(OC)cc2c1,1,3,3.626600,2.843700,0.782900,1.840918
partition_0,mol0636,O=S(=O)(c1ccccc1)c1ccc(-n2c3ccccc3c3ccccc32)cc1,1,3,3.888500,3.443600,0.444900,0.261999
partition_0,mol0637,CC(=O)Nc1ccc(-c2nc3ccccc3s2)cc1,1,3,3.975500,3.240100,0.735400,1.012859
partition_0,mol0638,CCCCCCCCCn1c2ccc(-c3ccc(Cl)cc3)cc2c(=O)c2cc(-c3ccc(Cl)cc3)c3ccccc3c21,1,3,3.317700,2.598800,0.718900,0.344241
partition_0,mol0639,CCCCCCCCCCN1c2ccccc2Sc2cc(Cl)c3ccccc3c21,1,3,2.622200,2.195700,0.426500,0.116226
partition_0,mol0640,CCCCCCCN1c2cccc3cc(/C=C(\C#N)C(=O)O)cc(c23)C1(C)C,1,3,2.172500,1.735100,0.437400,0.061181
partition_0,mol0641,c1ccc(-c2nc3ccc(C4CCCC4)cc3s2)cc1,1,3,4.042200,3.413200,0.629000,0.439840
partition_0,mol0642,C1=CC2=C(c3ccc(-c4nnc(-c5ccc(-c6c7ccccc7cc7ccccc67)cc5)o4)cc3)C=CC2=C1,1,3,0.614800,0.274200,0.340600,0.002201
partition_0,mol0643,Cc1ccc2ccc3cccc4ccc1c2c34,1,3,3.747300,2.729400,1.017900,0.003323
partition_0,mol0644,CCCCCCCCCCCCCCCCCOS(=O)(=O)OC,1,3,8.467900,8.447300,0.020600,0.008676
partition_0,mol0645,Fc1cc2c3cccc-3csc2c(F)c1N1c2ccccc2Sc2ccccc21,1,3,2.562300,1.919300,0.643000,0.142390
partition_0,mol0646,COc1cc2oc3c4ccccc4c4ccccc4c3c2cc1F,1,3,3.835100,3.171500,0.663600,0.014357
partition_0,mol0647,CCCCCCCCCCN1c2ccccc2Sc2cc(/C=N/Nc3ccccn3)ccc21,1,3,3.051300,2.535900,0.515400,0.587970
partition_0,mol0648,CCCCOc1cc2cc(OC)c(C#Cc3ccc([N+](=O)[O-])cc3)cc2cc1C#Cc1ccc([N+](=O)[O-])cc1,1,3,3.452300,2.926500,0.525800,1.777532
partition_0,mol0649,CCCC1=Cc2ccc3c4c(c(CCC)cc1c24)C(C)=C3,1,3,1.618000,1.305300,0.312700,0.001817
partition_0,mol0650,N#CC1=CC(=O)CC1,1,3,3.330600,3.329000,0.001600,0.000171
partition_0,mol0651,CCCOc1cc2ccc3cc(-c4ccc(F)cc4)cc4ccc(c1)c2c34,1,3,3.454500,2.797800,0.656700,0.038848
partition_0,mol0652,C1=CC2=C(c3cccs3)C=CC2=C1,1,3,0.628800,0.286800,0.342000,0.003317
partition_0,mol0653,NCc1cn(-c2ccccc2)nc1-c1ccccc1,1,3,4.532500,3.742600,0.789900,1.026116
partition_0,mol0654,C1=CC2=C(c3cccc4ccccc34)C=CC2=C1,1,3,0.624700,0.286300,0.338400,0.001218
partition_0,mol0655,CC1c2cc(C(F)(F)F)ccc2-c2ccc(C(F)(F)F)cc21,1,3,4.578000,3.736600,0.841400,0.035309
partition_0,mol0656,Cc1cc2ccccc2c2c1C(C)(C)c1c-2ccc2ccccc12,1,3,3.683100,2.817700,0.865400,0.567221
partition_0,mol0657,CCCCCCCCC(=O)Cn1c2ccccc2c(=O)c2ccccc21,1,3,3.497800,2.731600,0.766200,0.218604
partition_0,mol0658,CC(=O)NCc1ccc2ccc3cccc4ccc1c2c34,1,3,3.715900,2.745500,0.970400,0.002091
partition_0,mol0659,CN1C(=O)c2ccc3c4c(ccc1c24)C=C3,1,3,1.916100,1.556300,0.359800,0.027358
partition_0,mol0660,C[Si](C)(C)c1c2ccccc2cc2ccccc12,1,3,3.350800,2.232200,1.118600,0.235724
partition_0,mol0661,O=S(=O)(c1ccc(N2c3ccccc3Sc3ccccc32)cc1)c1ccc(N2c3ccccc3Sc3ccccc32)cc1,1,3,3.972700,3.466700,0.506000,0.214634
partition_0,mol0662,O=[N+]([O-])c1ccc(Cl)c([N+](=O)[O-])c1,1,3,3.981000,3.697400,0.283600,0.000418
partition_0,mol0663,CCc1cc2ccc3cc(C)cc4ccc(c1)c2c34,1,3,3.670800,2.783400,0.887400,0.006870
partition_0,mol0664,CC(=O)NCCN1Cc2cccc3cccc(c23)C1=O,1,3,3.928500,3.030300,0.898200,0.267317
partition_0,mol0665,[CH]CCCCCCCCCCCCCCc1cc2oc(=O)cc(COS(=O)(=O)O)c2cc1O,1,3,3.407300,2.702600,0.704700,0.170376
partition_0,mol0666,CCCC(=O)c1ccc2ccc3cccc4ccc1c2c34,1,3,3.599100,2.605700,0.993400,0.256490
partition_0,mol0667,C1=CC2=C(c3cc(-c4ccccc4)nc(-c4ccccc4)c3)C=CC2=C1,1,3,0.578600,0.231700,0.346900,0.000939
partition_0,mol0668,CCc1c2ccccc2c(N2c3ccccc3Sc3ccccc32)c2ccccc12,1,3,2.490200,2.225300,0.264900,0.000028
partition_0,mol0669,Cc1cc2ccc3cc(C(C)(C)C)cc4ccc(c1)c2c34,1,3,3.659600,2.782300,0.877300,0.006972
partition_0,mol0670,Cc1cc2ccccc2cc1C1(c2cnc3ccccc3c2)C=Cc2ccccc21,1,3,4.215200,3.410000,0.805200,0.003536
partition_0,mol0671,C1=CC2=C(n3cnc4cc5c(cc43)ncn5-c3cc4ccccc4c4ccccc34)C=CC2=C1,1,3,0.695300,0.397700,0.297600,0.003407
partition_0,mol0672,CC1=NN(c2ccccc2)C1c1ccccc1,1,3,3.711200,2.831700,0.879500,0.338394
partition_0,mol0673,CC1=NN(c2ccc3ccc4cccc5ccc2c3c45)C(=O)C1,1,3,3.588000,2.623100,0.964900,0.596701
partition_0,mol0674,FC(F)(F)c1ccc2nc3ccc4cc(N5c6ccccc6Oc6ccccc65)ccc4c3nc2c1,1,3,2.821400,2.656600,0.164800,0.183901
partition_0,mol0675,CCCCCCC(=O)c1ccccc1,1,3,3.597900,3.614900,-0.017000,0.000639
partition_0,mol0676,Cc1ccc(NC(=O)CSCCCCC(=O)ON2C(=O)CCC2=O)cc1S(=O)(=O)O,1,3,4.604500,4.085200,0.519300,0.041097
partition_0,mol0677,C1=CC2=Cc3c(ccc4ccccc34)C2=C1,1,3,0.980300,0.652300,0.328000,0.000232
partition_0,mol0678,CCCCCCCCCCCS,1,4,5.594200,5.560800,0.033400,0.021986
partition_0,mol0679,Cn1c(N)nc2ccccc21,1,4,4.547900,3.898900,0.649000,0.144876
partition_0,mol0680,CN(C)c1ccc([N+](=O)[O-])cc1,1,4,3.904400,2.857700,1.046700,0.000018
partition_0,mol0681,CCCCCCCCCC(C)Cc1ccc(Cl)cc1,1,4,4.858100,4.932600,-0.074500,0.001343
partition_0,mol0682,Cc1ccnc(NS(=O)(=O)c2ccc(NC=O)cc2)n1,1,4,4.578500,4.071500,0.507000,0.033113
partition_0,mol0683,O=C(O)[C@H](O)c1ccc2ccc3cccc4ccc1c2c34,1,4,3.715500,2.736900,0.978600,0.003330
partition_0,mol0684,COCCCCCO[PH](=O)OCCNC(=O)C(C)C,1,4,5.656800,5.403900,0.252900,0.030576
partition_0,mol0685,Cc1cc(C)cc(-c2cc(C)cc(C)c2)c1,1,4,4.750800,4.338800,0.412000,0.000635
partition_0,mol0686,CCCNCc1ccc2c(c1)OCO2,1,4,4.426400,3.895400,0.531000,0.083586
partition_0,mol0687,CCCCCCCCCCCCN1C(=CC2C(=O)C(=CC3=[N+](CCCCCCCCC)c4ccccc4C3(C)C)C2[O-])C(C)(C)c2ccc(C(=O)O)cc21,1,4,0.155200,0.160800,-0.005600,0.000393
partition_0,mol0688,O=C1CCC(=O)N1,1,4,5.142300,5.139300,0.003000,0.006894
partition_0,mol0689,C=CO,1,4,5.513800,4.869600,0.644200,0.003525
partition_0,mol0690,O=C1CCc2cc(O)ccc21,1,4,3.960900,3.585600,0.375300,0.000234
partition_0,mol0691,CC(C)c1cc2c3cc(C(C)(C)C)ccc3c3nc4ccccc4nc3n2c1,1,4,3.137200,2.686200,0.451000,0.128525
partition_0,mol0692,C=C(C)C(=O)OC,1,4,5.079600,4.325600,0.754000,0.001506
partition_0,mol0693,COC(=O)c1ccccc1,1,4,4.771900,4.426100,0.345800,0.021636
partition_0,mol0694,COC(=O)C1=NNC1c1ccccc1,1,4,3.719600,2.474700,1.244900,0.211686
partition_0,mol0695,COCOC(=O)c1ccc(OCOC(C)=O)cc1,1,4,4.642600,3.947700,0.694900,0.000813
partition_0,mol0696,CCCCCSc1ccc(C(F)(F)F)cn1,1,4,4.391500,3.824300,0.567200,0.110216
partition_0,mol0697,CCCCC/C=C/CCCCCCC(=O)OC,1,4,6.053500,5.410400,0.643100,0.006991
partition_0,mol0698,CNC(=O)C(N)CCC(=O)O,1,4,5.842500,5.574700,0.267800,0.003154
partition_0,mol0699,COCCOCCOc1ccc(OCCOC)cc1C=O,1,4,3.424900,2.617600,0.807300,0.179447
partition_0,mol0701,O=CO,1,4,6.038400,6.038400,0.000000,0.000272
partition_0,mol0702,CC1CCc2cc(C(F)(F)F)ccc21,1,4,4.848000,4.705600,0.142400,0.005621
partition_0,mol0703,CCCCCCCCc1sc(-c2ncc(CCCCCC)s2)cc1CCCC,1,4,3.814200,2.757500,1.056700,0.942691
partition_0,mol0704,COC(=O)CN1CCCN(C(C)=O)CC1,1,4,4.666000,4.653600,0.012400,0.011363
partition_0,mol0705,NC(=O)c1ccc2ccccc2n1,1,4,3.979400,3.436600,0.542800,0.006277
partition_0,mol0706,O=[N+]([O-])c1ccc(OP(=O)(O)O)c([N+](=O)[O-])c1,1,4,3.912900,3.420500,0.492400,0.052446
partition_0,mol0707,Cc1ccc2c(ccc3ccccc32)c1,1,4,3.947000,3.558900,0.388100,0.000361
partition_0,mol0708,NCCc1coc2cc(O)ccc12,1,4,4.423900,3.669200,0.754700,0.076723
partition_0,mol0709,CNC(=O)C(C)OC(=O)Cn1c2ccccc2c(=O)c2ccccc21,1,4,3.512900,2.735500,0.777400,0.219954
partition_0,mol0710,NC(N)=O,1,4,5.585700,5.503500,0.082200,0.006171
partition_0,mol0711,CCCCCCCCCNC(=O)c1ccc(Cl)cc1,1,4,4.758000,4.645100,0.112900,0.005833
partition_0,mol0712,O=S(=O)(O)c1ccc(N2c3ccccc3Sc3ccccc32)cc1,1,4,3.821600,3.340300,0.481300,0.374191
partition_0,mol0713,NC(=O)c1ccc(Br)cc1,1,4,4.558700,4.523500,0.035200,0.003875
partition_0,mol0714,COCCOCCOCCOCCOCCOCCOCCOc1ccc2c(c1)C1(OCCO1)c1cc(P(=O)(OC)OCCOCCOCCOCCOCCOCCCCCCl)ccc1-2,1,4,4.248100,3.464900,0.783200,0.477551
partition_0,mol0715,[11CH3]F,1,4,8.748500,8.744500,0.004000,0.010752
partition_0,mol0716,CSc1nc(SC)nc(N(C)C)n1,1,4,4.945200,4.552000,0.393200,0.049890
partition_0,mol0717,COC(=O)c1ccc(N(C)C)cc1,1,4,4.141100,3.024700,1.116400,0.051092
partition_0,mol0718,CCCCCCCCCCc1ccc(C(=O)c2ccccc2)cc1,1,4,3.319300,3.363100,-0.043800,0.000511
partition_0,mol0719,CCN(C)C,1,4,5.287200,5.273300,0.013900,0.007193
partition_0,mol0720,COC(=O)CC(=O)Nc1ccc(C(=O)/C=C/c2ccc(N(C)C)cc2)cc1,1,4,3.322700,2.211800,1.110900,1.706175
partition_0,mol0721,NC(=O)c1c[nH]c2ccccc12,1,4,4.605500,3.649100,0.956400,0.072789
partition_0,mol0722,O=C1CCN1,1,4,5.938900,5.498300,0.440600,0.005970
partition_0,mol0723,CCCCCCCCCCCN(C)C,1,4,5.542000,5.506800,0.035200,0.033900
partition_0,mol0724,COCN(Cc1ccccc1)C(C)=O,1,4,5.039300,5.026800,0.012500,0.000308
partition_0,mol0725,CC(C)(C)c1ccc([N+](=O)[O-])cc1[N+](=O)[O-],1,4,4.053200,3.680700,0.372500,0.005151
partition_0,mol0726,CC(C)OC(=O)CC(O)(F)C(F)(F)F,1,4,6.035000,6.032600,0.002400,0.005242
partition_0,mol0727,CC(N)C(=O)NCc1ccc(P(=O)(O)O)s1,1,4,5.147300,4.070100,1.077200,0.042214
partition_0,mol0728,C1=NN2CCCCC12,1,4,4.293100,3.210900,1.082200,0.148046
partition_0,mol0729,CCSc1nc(C)cc(C)n1,1,4,4.543800,4.077800,0.466000,0.058098
partition_0,mol0730,O=C(/C=C/c1ccc(NC(=O)c2ccccn2)cc1)c1ccc(NS(=O)(=O)c2ccc(NC(=O)c3ccccn3)cc2)cc1,1,4,3.546600,2.770700,0.775900,1.018156
partition_0,mol0731,CCNC=O,1,4,5.992600,5.765400,0.227200,0.004742
partition_0,mol0732,CC(=O)c1ccc2c(c1)CN(C)CC2,1,4,3.878500,3.870800,0.007700,0.000333
partition_0,mol0733,CCCCCCCC(C)c1ccc(O)cc1,1,4,4.702200,4.282900,0.419300,0.038916
partition_0,mol0734,C[C](C)(C)[Zn][CH]1C(c2ccccc2)=Nc2ccccc21,1,4,3.015200,2.836500,0.178700,0.084598
partition_0,mol0735,CN=C(c1ccccc1)c1ccccc1,1,4,4.262500,4.146800,0.115700,0.010060
partition_0,mol0736,CCn1c(N)nc2ccccc21,1,4,4.528000,3.887500,0.640500,0.149361
partition_0,mol0737,C1=Cc2c3c(ccc2=C1)=CC=C3,1,4,0.365600,1.412700,-1.047100,0.004888
partition_0,mol0738,CSc1nc2c(=O)n(-c3ccccc3)c(=O)n(C)c2n1-c1ccccc1,1,4,4.509100,3.587700,0.921400,0.333127
partition_0,mol0739,COCCOCCOc1ccc(CC(=O)OC)cc1,1,4,4.659000,4.233300,0.425700,0.039777
partition_0,mol0740,CC(C)(C)OC(=O)CCC(N)C(=O)NCCOP(=O)(O)OP(=O)(O)OP(=O)(O)OC[C@H]1O[C@@H](C2CCCCC2)CC1O,1,4,5.986200,5.606100,0.380100,0.004644
partition_0,mol0741,COC(COCCOCCOCCOCCCCCCl)C(=O)O,1,4,5.744200,5.733400,0.010800,0.006298
partition_0,mol0743,CCCCCCCC1(CCCCC)c2cc(C#Cc3cccc(C#N)c3)ccc2-c2ccc(C#Cc3cccc(C#N)c3)cc21,1,4,3.907600,3.259500,0.648100,3.368868
partition_0,mol0744,CCOC(=O)c1ccc2ncc(C(=O)OC)n2n1,1,4,3.674700,3.251700,0.423000,0.055224
partition_0,mol0745,COCN1C(=O)c2ccccc2C1=O,1,4,3.745000,3.396300,0.348700,0.000392
partition_0,mol0746,COC(COCCOCCNS(=O)(=O)c1ccc2c(c1)OCCO2)OCCOCCNC(=O)c1ccc2c(S(=O)(=O)O)cccc2n1,1,4,3.682500,3.544400,0.138100,0.006632
partition_0,mol0747,Cn1c(N)nc2nccnc21,1,4,4.188100,3.386100,0.802000,0.005694
partition_0,mol0748,CCCCCCCCCCCCCCCC(=O)SSC(=O)CCCCCCCCCCCCC,1,4,4.395600,4.370000,0.025600,0.011423
partition_0,mol0749,CC1=Nc2cc(S(=O)(=O)O)ccc2C1(C)C,1,4,4.597000,3.729800,0.867200,0.032808
partition_0,mol0750,COC(=O)C1=C(C)NC(=O)N[C@H]1c1ccccc1I,1,4,4.103600,3.074300,1.029300,0.292252
partition_0,mol0751,NC=O,1,4,5.811500,5.811500,0.000000,0.000170
partition_0,mol0752,COC(=O)c1ccc2c(c1)Oc1ccccc1S2(=O)=O,1,4,4.348300,3.852600,0.495700,0.047255
partition_0,mol0753,[11CH3]OS(=O)(=O)c1ccccc1,1,4,5.161100,5.124000,0.037100,0.001391
partition_0,mol0754,CCCCCCCCCCNC(=O)c1ccc(C(=O)NCCCCCCC)c2c3ccccc3c3ccccc3c12,1,4,3.730900,3.694900,0.036000,0.002984
partition_0,mol0755,CCCCCCCCCC(=O)OC,1,4,6.037800,6.035700,0.002100,0.005209
partition_0,mol0756,CCN(C)c1ccc2c(=O)c3ccc(N(CC)CC)cc3oc2c1,1,4,3.729200,3.018600,0.710600,0.938507
partition_0,mol0757,c1c2c(cc3c1CCC3)CCC2,1,4,4.820200,4.634800,0.185400,0.015654
partition_0,mol0758,CN(C(=O)Cn1c2ccccc2c(=O)c2ccccc21)c1ccccc1,1,4,3.498400,2.703900,0.794500,0.250337
partition_0,mol0759,CCCCCCCCCCCCn1c2ccccc2c2cc3c4ccccc4n(CCCCCCCCCCCC)c3cc21,1,4,3.651500,3.194300,0.457200,0.001526
partition_0,mol0760,C#Cc1nc2ccccc2n1-c1ccccc1,1,4,4.416100,3.801600,0.614500,0.226036
partition_0,mol0761,COc1ccc(S(=O)(=O)c2ccc(OC)cc2)cc1,1,4,4.801200,4.271500,0.529700,0.017777
partition_0,mol0762,C1CCCCCC1,1,4,8.496600,8.482600,0.014000,0.003559
partition_0,mol0763,CNC(=O)c1ccncc1,1,4,4.390600,4.396900,-0.006300,0.006056
partition_0,mol0764,O=c1c(O)coc2ccc(O)cc12,1,4,3.714400,2.550200,1.164200,0.209408
partition_0,mol0765,c1ccc2c(c1)ccc1ccccc12,1,4,3.983400,3.554400,0.429000,0.000012
partition_0,mol0766,COC1=CC=C2C=CC=C21,1,4,0.274600,1.586100,-1.311500,0.001566
partition_0,mol0767,CCCCCCCCCNc1cc(Cl)c2ccccc2n1,1,4,3.619000,2.995400,0.623600,0.145454
partition_0,mol0768,Nc1nc2cc(F)c(F)cc2[nH]1,1,4,4.409800,3.616900,0.792900,0.231959
partition_0,mol0769,NC(=O)c1ccc2ccccc2c1,1,4,4.155400,3.371000,0.784400,0.013582
partition_0,mol0770,CC(C)C(=O)N[C@H](COc1ccc2ccccc2c1)CN(CCO)S(C)(=O)=O,1,4,3.994200,3.302900,0.691300,0.054484
partition_0,mol0771,CSc1ccc2c(c1)c1ccccc1n2-c1cc(C)cc(C)c1,2,0,3.590100,3.061100,0.529000,0.135638
partition_0,mol0772,Cc1ccc2sc3cc4c(cc3c2c1)c1cc(-c2c(C#N)cccc2C#N)ccc1n4-c1ccccc1,2,0,3.766100,3.378400,0.387700,0.028839
partition_0,mol0773,Cc1ccc2c(c1)c1cc(C)ccc1n2-c1cccc(C2=CC(=O)C=CC2=O)c1,2,0,1.970500,1.923300,0.047200,0.002485
partition_0,mol0774,N#Cc1ccc2c(C#N)c3ccc4ccc5cccc(c2c1)c5c4-3,2,0,1.737400,1.497900,0.239500,0.012045
partition_0,mol0775,N#Cc1c2ccc3ccccc3c2c(C#N)c2c3ccccc3c3ccccc3c12,2,0,3.203700,2.640300,0.563400,0.210634
partition_0,mol0776,CC1=CC(=O)C(c2ccc(N(C)C)cc2)=CC1=O,2,0,1.833600,1.017200,0.816400,0.326143
partition_0,mol0777,Cc1cc(C)cc(-n2c3ccccc3c3cc4ccccc4cc32)c1,2,0,3.284500,2.625300,0.659200,0.115936
partition_0,mol0778,CSc1ccc2c(c1)c1ccccc1n2-c1ccccc1,2,0,3.607100,3.075900,0.531200,0.139589
partition_0,mol0779,Cn1c2ccccc2c2cccc(C3=CC=C4C3=Nc3ccccc34)c21,2,0,0.891800,0.468500,0.423300,0.040530
partition_0,mol0780,CC1=[N+]2C(=C(c3ccc(N(C)C)cc3)c3c(C)cc(C)n3[B-]2(F)F)C=C1,2,0,2.682100,1.559600,1.122500,0.424618
partition_0,mol0781,CN1C2C=CC1CC2,2,0,5.263300,4.960900,0.302400,0.001933
partition_0,mol0782,CCC1=C(C)C2=C3C(C)=C(C)C(C)=C3C1=N2,2,0,0.633300,0.078300,0.555000,0.016918
partition_0,mol0783,C[Si](C)C(C#N)=Cc1cc(C=C(C#N)C#N)cc(N2c3ccccc3Oc3ccccc32)c1,2,0,1.860000,1.860000,0.000000,0.008184
partition_0,mol0784,CC1=Cc2nc1c1ccc([nH]1)c(-c1ccc(N)cc1)c1nc(c(-c3ccc(N)cc3)c3ccc([nH]3)c3ccccc23)C=C1,2,0,2.089300,1.145000,0.944300,0.542565
partition_0,mol0785,N#Cc1cc(N2c3ccccc3Oc3ccccc32)nc(C#N)n1,2,0,3.004500,2.633600,0.370900,0.019262
partition_0,mol0787,CC1=C2c3cccn3[B-](F)(F)n3c2[n+](c2ccccc23)[B-](F)(F)[N+]2=C(C)C=C12,2,0,1.310900,0.951400,0.359500,0.008620
partition_0,mol0788,Cc1cc(C(=O)O)nc(C)c1C,2,0,4.477400,4.108600,0.368800,0.007695
partition_0,mol0790,C1=C2CCC(C1)C2,2,0,2.839900,1.388400,1.451500,0.117928
partition_0,mol0791,CC1N=C2CCC(C#Cc3ccc(/C=C(\C#N)C(=O)O)cc3)=C21,2,0,3.684800,2.618800,1.066000,2.398509
partition_0,mol0792,CCCc1cc2[nH]c1ccc1nc(c3cc(CCC)c(ccc4nc2C=C4C)[nH]3)C=C1C,2,0,2.163100,1.526700,0.636400,0.213193
partition_0,mol0793,Cc1cc(Cc2cnc3ccccc3c2)cc(N2c3ccccc3Oc3ccccc32)c1,2,0,3.060000,2.689000,0.371000,0.023035
partition_0,mol0794,CCCC1=Cc2nc1c(NC(=O)O)cc1[nH]c(cc1CCC)c1nc(ccc3[nH]c2cc3CCC)C(C)=C1,2,0,2.109400,1.573800,0.535600,0.263240
partition_0,mol0795,CC1=CC2=CC=C3C=CC=C(N3)C3=NC(=C(c4ccc(C)cc4)C1=N2)C=C3,2,0,1.835700,1.297900,0.537800,0.106841
partition_0,mol0796,CCCC1=Cc2nc1ccc1[nH]c(cc1CCC)c1nc(ccc3ccc2[nH]3)C(C)=C1,2,0,2.178900,1.505700,0.673200,0.202346
partition_0,mol0797,Cc1ccc2cc3cc4cc5cc6ccccc6cc5cc4cc3cc2c1,2,0,1.535900,1.535900,0.000000,0.001072
partition_0,mol0798,CC1=Cc2cc3cc4cc5ccccc5cc4cc3cc2[Si]1(C)C,2,0,2.822700,1.707600,1.115100,0.205819
partition_0,mol0799,Cc1cc2cc3cccc4c3c(cc3ccc5c6ccccc6c6ccccc6c5c34)c3cccc1c3-2,2,0,2.732100,2.117800,0.614300,0.292495
partition_0,mol0800,CC1=C(C)C2C=CC1CC2,2,0,4.988400,4.426900,0.561500,0.025971
partition_0,mol0801,O=C1C=CC(=O)C(c2cccc(N(c3ccccc3)c3ccccc3)c2)=C1,2,0,1.686500,1.608300,0.078200,0.012714
partition_0,mol0802,Cc1ccc2c(c1)c1cc(-c3ccccc3)ccc1n2-c1cc(C(=O)c2ccccc2)cc(-c2ccccc2)c1,2,0,3.700900,3.404400,0.296500,0.025208
partition_0,mol0803,CC1=CC(C)=N/C1=C\C(C)C,2,0,3.244100,2.569600,0.674500,0.043774
partition_0,mol0804,Cc1cc(N2c3ccccc3Oc3ccccc32)cc(N2c3ccccc3Oc3ccccc32)c1,2,0,3.212900,2.825800,0.387100,0.021520
partition_0,mol0805,CC1=C2C=C3C(=[N+]2[B-](F)(F)n2c1c(C)c1ccccc12)C(C)c1cc2ccccc2cc13,2,0,2.303300,1.418900,0.884400,0.098095
partition_0,mol0806,CCc1c(C)c2n(c1C)[B-](F)(F)[N+]1=C(C)C=C(C(F)(F)F)C1=C2c1ccc2ccc3cccc4ccc1c2c34,2,0,2.824000,1.498900,1.325100,0.888379
partition_0,mol0807,CC1=C(C)C(C)=[N+]2C1=Cc1cc(Br)cn1[B-]2(F)F,2,0,2.890300,1.460700,1.429600,0.805079
partition_0,mol0808,Cc1cc(C(=O)c2ccccc2)cc(-n2c3ccccc3c3cc4ccccc4cc32)c1,2,0,3.307600,2.658400,0.649200,0.137008
partition_0,mol0809,CSc1cc(C(=O)c2ccccc2)cc(-n2c3ccccc3c3cc(C)ccc32)c1,2,0,3.441100,3.174200,0.266900,0.000901
partition_0,mol0810,CSC1=CC2C3C(=O)NN=C3C3C(=O)N1C32,2,0,3.857300,3.506600,0.350700,0.022078
partition_0,mol0811,Cc1cc(C)cc(-c2ccc(N(C)C)cc2)c1,2,0,3.953600,3.366600,0.587000,0.071056
partition_0,mol0812,CN(C)/C(C=N[N+](=O)[O-])=C(\C=C[N+](=O)[O-])[N+](=O)[O-],2,0,3.575000,2.171100,1.403900,0.467458
partition_0,mol0813,CC1=C(C)C(C)=[N+]2C1=C(c1c(C)c3c4c(c1C)CCCN4CCC3)c1c3ccccc3c(C)n1[B-]2(F)F,2,0,2.640000,1.447400,1.192600,0.506702
partition_0,mol0814,Cc1cc(-c2ccc(N3c4ccccc4Oc4ccccc43)cc2)c2nsnc2c1,2,0,3.085800,2.716600,0.369200,0.020483
partition_0,mol0815,CCc1c(C)c2n(c1C)[B-](F)(F)[N+]1=C(C)C(C)=C(C)C1=C2c1ccc(C(=O)O)cc1,2,0,2.794600,1.433500,1.361100,0.923701
partition_0,mol0816,FC(F)(F)F,2,0,12.215400,12.202200,0.013200,0.000014
partition_0,mol0817,Cc1cc(C)cc(N2c3ccccc3N(c3cc(C)cc(C(=O)c4ccccc4)c3)c3ccccc32)c1,2,0,2.540100,2.313900,0.226200,0.024460
partition_0,mol0818,Cc1ccc(Sc2cc3sc4cc5[nH]c6c7ccccc7c(=O)c7ccccc7c6sc5c(C)c4[nH]c3c3c(=O)c4ccccc4c(=O)c23)cc1,2,0,2.099400,0.893900,1.205500,1.354308
partition_0,mol0819,Cc1ccc2cc3cc4ccccc4cc3cc2c1,2,0,2.828200,1.667100,1.161100,0.203925
partition_0,mol0820,CCCC1=CC2=Cc3[nH]c(cc3CCC)C3=NC(=c4cc(CCC)c([nH]4)=CC1=N2)C=C3C,2,0,0.516900,0.104400,0.412500,0.017584
partition_0,mol0821,COc1cc(O)cc(-n2c3ccccc3c3cc4c5cc(-n6cccn6)ccc5n(-c5ccccc5)c4cc32)c1,2,0,3.644700,3.189400,0.455300,0.043248
partition_0,mol0822,CCCc1cc2ccc1[nH]c1ccc3nc(c4cc(CCC)c(ccc5nc(c2[nH]1)C=C5CCO)[nH]4)C=C3C,2,0,1.776300,0.560400,1.215900,0.105573
partition_0,mol0823,Cc1ccc2c(c1)c(C)cc1cc3ccccc3cc12,2,0,3.618300,2.681500,0.936800,0.024787
partition_0,mol0824,O=S(=O)(c1ccccc1)c1ccc(-n2c3ccccc3c3cc4c5ccccc5n(-c5ccccc5)c4cc32)cc1,2,0,3.737700,3.278500,0.459200,0.010088
partition_0,mol0825,Cc1cc2cc3ccccc3cc2c2cc3cc4cc5ccccc5cc4cc3cc12,2,0,2.600300,1.498200,1.102100,0.191804
partition_0,mol0826,CSc1ccc2c(c1)c1cc(-c3c(C)cccc3C)ccc1n2-c1cccc2cc3cccc(-n4c5ccc(C)cc5c5cc(C)ccc54)c3cc12,2,0,3.105000,2.303600,0.801400,0.038496
partition_0,mol0827,CCCC[N+]1=C(/C=C2\C(=O)C(C)=C2[O-])C(C)(C)c2cc(C(=O)O)ccc21,2,0,2.565700,1.235200,1.330500,0.081292
partition_0,mol0828,CCCC1=Cc2nc1cc1[nH]c(cc1C)cc1[nH]c(cc1CCC)c1nc(cc2NC(=O)CCCC(=O)OC)C(CCC)=C1,2,0,1.977700,1.472000,0.505700,0.043335
partition_0,mol0829,CN(c1ccccc1)c1ccc(/C=C(\C#N)c2ccccc2)cc1,2,0,3.277300,2.326200,0.951100,1.765644
partition_0,mol0830,Cc1cc(C)cc(-n2c3ccccc3c3ccccc32)c1,2,0,3.857700,3.368200,0.489500,0.140239
partition_0,mol0831,CCCC1=C2NC3=C2C(=C1)CCCC(C)=C3,2,0,1.432400,1.065200,0.367200,0.005342
partition_0,mol0832,CC1=Cc2cc3cc4ccccc4cc3cc2N(C)C1,2,0,2.628700,2.025100,0.603600,0.144070
partition_0,mol0833,Cc1cc(C)cc(N2c3ccccc3N(c3cc(C)cc(C)c3)c3ccccc32)c1,2,0,2.583200,2.340900,0.242300,0.000232
partition_0,mol0834,CC1=C(C)C2CCCCC2=C1C,2,0,4.172200,3.021000,1.151200,0.191597
partition_0,mol0835,CCCC1=CC=c2cc(C)c([nH]2)=CC=c2[nH]c(cc2CCC)=C2C=C(CCO)C1=N2,2,0,1.859500,1.367200,0.492300,0.085544
partition_0,mol0836,CC1=C2C(=C1)c1ccccc1C(=O)c1cc2c2cc3cc4ccccc4cc3cc2c1,2,0,1.193900,0.448400,0.745500,0.103169
partition_0,mol0837,Oc1cccc2c3c4c(cccc4cc12)C(Cl)=C3,2,1,2.065100,1.513500,0.551600,0.064693
partition_0,mol0838,Cc1cc(C)c(B(C2=C3C=CC=C3C=C2)c2c(C)cc(C)cc2C)c(C)c1,2,1,0.448600,0.085100,0.363500,0.000373
partition_0,mol0839,COC1OC2COB(c3ccc4ccc5cccc6c(C)cc3c4c56)OC2C1O,2,1,3.631400,2.679800,0.951600,0.045733
partition_0,mol0840,Cc1cc2ccccc2c2c(Br)cccc12,2,1,3.821000,3.401600,0.419400,0.001400
partition_0,mol0841,C1=CC2=Nc3ccc4c5ccccc5n(-c5nnc(-c6ccccc6)n5-c5ccccc5)c4c3C2=C1,2,1,0.795400,0.456200,0.339200,0.004111
partition_0,mol0842,Cc1ccc2c(c1)c1ccccc1n2C1=C2C=CC=C2C=C1,2,1,0.677000,0.402300,0.274700,0.003659
partition_0,mol0843,c1ccc2cc3cc4ccccc4cc3cc2c1,2,1,2.837700,1.654200,1.183500,0.210430
partition_0,mol0844,N#N,2,1,7.560000,7.560000,0.000000,0.000000
partition_0,mol0845,O=S(=O)(c1ccccc1)c1cccc(-n2c3ccccc3c3c2ccc2c4ccccc4n(-c4cccc(S(=O)(=O)c5ccccc5)c4)c23)c1,2,1,3.745600,3.381000,0.364600,0.336740
partition_0,mol0846,CC[CH]COc1cc2ccc3ccc(OCCCCC)c4ccc(c1)c2c34,2,1,2.561600,2.561600,0.000000,0.001542
partition_0,mol0847,[Sn][CH2]c1c[nH]c2ccccc12,2,1,0.994800,0.994800,0.000000,0.000863
partition_0,mol0848,N#Cc1cc(N2C=C3C=CC=C32)c(-n2c3ccccc3c3ccccc32)cc1C#N,2,1,1.245300,0.844200,0.401100,0.029124
partition_0,mol0849,Cc1cc(C)cc(N2c3ccccc3C(C)(C)c3cc4ccccc4cc32)c1,2,1,3.308200,2.693700,0.614500,0.206871
partition_0,mol0850,Cc1ccc2cc3ccc(C)cc3cc2c1,2,1,3.505800,2.361700,1.144100,0.186624
partition_0,mol0851,C1=CC2=C(N(c3ccccc3)c3ccccc3)C=CC2=C1,2,1,0.751400,0.498700,0.252700,0.005996
partition_0,mol0852,COc1cccc2c1c1c(c3cc(C)ccc3n1C)c1c2c2ccccc2n1C,2,1,3.475600,3.019600,0.456000,0.111169
partition_0,mol0853,C1=CC2=C(n3c4ccccc4c4cc5c(cc43)c3ccccc3n5-c3ccccc3)C=CC2=C1,2,1,0.720200,0.453800,0.266400,0.007071
partition_0,mol0854,COc1ccc(-c2ccc3c(c2)C(=O)C(=O)S3)cc1,2,1,2.038100,2.037800,0.000300,0.000421
partition_0,mol0855,Nc1ccc([N+](=O)[O-])c(N)c1,2,1,3.517300,2.704300,0.813000,0.156909
partition_0,mol0856,CCCc1ccc2cc3cc(C)ccc3cc2c1,2,1,3.465400,2.353600,1.111800,0.185581
partition_0,mol0857,Cc1ccc2c(c1)c1cc(C)ccc1n2-c1cccc2c(-c3ccccc3)cc(-c3ccccc3)cc12,2,1,3.614500,3.099000,0.515500,0.367274
partition_0,mol0858,Cc1ccc2cc3cc(C)ccc3cc2c1,2,1,3.498200,2.361600,1.136600,0.188954
partition_0,mol0859,Cc1ccc2c(c1)c1ccccc1n2-c1ccccc1,2,1,3.839500,3.367300,0.472200,0.145765
partition_0,mol0860,c1ccc(-c2cc(-c3ccccc3)nc(-c3cc(-c4cc(-c5ccccc5)cc(-c5ccccc5)n4)cc(-n4ccc5ccccc54)c3)c2)cc1,2,1,4.345200,3.656900,0.688300,0.506764
partition_0,mol0861,Cn1c2ccc(N)cc2c2cc3cc(N)ccc3cc21,2,1,2.968600,2.277600,0.691000,0.114119
partition_0,mol0862,Cc1ccc2c(c1)c1ccccc1n2-c1cccc2cc3ccccc3cc12,2,1,3.154100,2.285700,0.868400,0.255609
partition_0,mol0863,O=[N+]([O-])c1cc([N+](=O)[O-])c(N(CCO)CCO)cc1N(CCO)CCO,2,1,2.622900,2.167600,0.455300,0.000259
partition_0,mol0864,Cc1ccc(-c2cc3ccc4c5c(cccc25)cc-4c(C)c3)cc1,2,1,3.149400,2.312500,0.836900,0.123118
partition_0,mol0865,O=S(=O)(c1ccccc1)c1cc(N2c3ccccc3Oc3ccccc32)cc(N2c3ccccc3Oc3ccccc32)c1,2,1,3.332700,2.939100,0.393600,0.019954
partition_0,mol0866,O=C1OC2(O)C(=O)OC(c3ccccc3)=C2C1=O,2,1,2.859700,2.299800,0.559900,0.017340
partition_0,mol0867,O=C1c2ccccc2C(=O)c2ccccc21,2,1,2.863400,2.863400,0.000000,0.000000
partition_0,mol0868,N#Cc1cc(N2c3ccccc3Oc3ccccc32)cc(C#N)c1-n1c2ccccc2c2ccccc21,2,1,2.756600,2.653500,0.103100,0.006738
partition_0,mol0869,O=S(=O)(c1ccccc1)c1cc(-n2c3ccccc3c3ccccc32)cc(S(=O)(=O)c2ccccc2)c1,2,1,3.870500,3.444700,0.425800,0.352080
partition_0,mol0870,O=C(c1ccccc1)c1ccc(-n2c3ccccc3c3cc4cccc4c4ccc2c43)cc1,2,1,0.413800,0.035700,0.378100,0.021168
partition_0,mol0871,O=c1c2cccc3c4ccc5cccc(c54)c(c23)n1-c1ccccc1,2,1,1.875900,1.210900,0.665000,0.128800
partition_0,mol0872,CC(=O)NNc1c2ccccc2nc2ccccc12,2,1,3.267700,2.238800,1.028900,0.276462
partition_0,mol0873,CCCCCCCN1C(=O)c2c3ccccc3cc3cccc1c23,2,2,2.546300,1.852600,0.693700,0.078160
partition_0,mol0874,CCCCCCCCN1C(=O)c2ccc3cc(OC)c(-c4ccc(-c5ccccc5)cc4)cc3c2C1=O,2,2,2.782500,2.335400,0.447100,0.029312
partition_0,mol0875,O=c1oc2c3ccc4cccc(c5cccc(c1=O)c52)c43,2,2,2.551900,2.130400,0.421500,0.026223
partition_0,mol0876,CCNc1ccc2cc3ccccc3cc2c1,2,2,2.983800,2.107900,0.875900,0.156929
partition_0,mol0878,Cn1c2ccc(-c3ccccc3)cc2c2cc(-c3cccc4ccccc34)ccc21,2,2,3.798000,3.350800,0.447200,0.066898
partition_0,mol0879,CN(Cc1ccc(N2c3ccccc3Sc3ccccc32)cc1)c1ccccc1,2,2,3.196700,2.803700,0.393000,0.075731
partition_0,mol0880,Cc1cc(C(=O)N/N=C\c2c3ccccc3cc3ccccc23)[nH]n1,2,2,3.242600,2.223200,1.019400,0.302677
partition_0,mol0881,Cc1cccc(C(=O)N/N=C/c2cc(/N=N/c3cccc(Cl)c3)ccc2O)c1,2,2,1.862800,1.868000,-0.005200,0.004736
partition_0,mol0882,C[Si]1(C)O[Si](C)(C)c2cc3cc4cc5c(cc4cc3cc21)C(=O)c1ccccc1C5=O,2,2,3.027600,2.258600,0.769000,0.372772
partition_0,mol0883,Nc1nc(N/N=C/c2cc([N+](=O)[O-])ccc2O)nc(Nc2cccc3ccccc23)n1,2,2,3.546800,2.914600,0.632200,0.151383
partition_0,mol0884,Cc1cccc(C(=O)N/N=C/c2cc(/N=N/c3cccc(Br)c3)ccc2O)c1,2,2,1.564200,1.558600,0.005600,0.014834
partition_0,mol0885,CCCCCCCn1c(=O)c2cccc3cc(Oc4ccc5cccc6c5c4C=C6)c4cccc(c1=O)c4c32,2,2,2.692600,2.299900,0.392700,0.018899
partition_0,mol0886,C1=CC2=C(n3cnc4ccccc43)C=CC2=C1,2,2,0.689000,0.376300,0.312700,0.002040
partition_0,mol0887,C1=CC(n2c3ccccc3c3cc(-c4ccc(-n5c6ccccc6c6ccccc65)cc4)ccc32)=C1,2,2,1.629500,0.849900,0.779600,0.054803
partition_0,mol0888,Cc1ccc(-c2cc(C)c(C)nc2N2c3ccccc3Oc3ccccc32)cc1,2,2,3.213100,2.866700,0.346400,0.010618
partition_0,mol0889,C1=CC2=Nc3ccc(-c4ccc5c(c4)c4ccccc4n5-c4ccccc4)cc3C2=C1,2,2,1.140100,0.763900,0.376200,0.000519
partition_0,mol0890,c1ccc2c(c1)c1ccc(-c3ccc4[nH]c5ccncc5c4c3)cc1n2-c1ccc(-n2ccc3cnccc32)cc1,2,2,3.805500,3.394100,0.411400,0.316131
partition_0,mol0891,CCCCCCCCCN1c2ccccc2C(C)(C)c2c1ccc1cc(N3CCCCC3)c(C(F)(F)F)cc21,2,2,2.783500,2.245700,0.537800,0.090131
partition_0,mol0892,C1=CC2=C(Oc3ccc4ccc5ccccc5c4c3-c3cccc4ccccc34)C=CC2=C1,2,2,0.679300,0.381500,0.297800,0.001194
partition_0,mol0893,C1=CC2=CNC2=C1,2,2,1.763000,1.333000,0.430000,0.008150
partition_0,mol0894,COc1cc2c(c(OC)c1OC)-c1ccc3c4c(c-2c-4cc1)C(Br)=C3,2,2,1.570100,1.135500,0.434600,0.037903
partition_0,mol0895,C1=CC2=CN(c3cc(-c4cc(-c5nccs5)cc(-c5nccs5)c4)cc(-n4c5ccccc5c5ccccc54)c3)C2=C1,2,2,0.917400,0.492100,0.425300,0.038354
partition_0,mol0896,COc1ccc(C2CC(C3=C4C=CC=C4C=C3)=NN2C(C)=O)c(OC)c1,2,2,0.642600,0.326300,0.316300,0.002280
partition_0,mol0897,CC(=O)c1ccc2cc(N(c3ccccc3)c3cccc4ccccc34)ccc2c1,2,2,3.121400,2.578700,0.542700,0.471448
partition_0,mol0898,C1=Cc2cc(N(c3ccccc3)c3ccccc3)c3c4c(ccc1c24)C=C3,2,2,1.470100,1.121400,0.348700,0.044194
partition_0,mol0899,CC1=c2c(nc3c4ccccc4c4cccc4n23)C=C1,2,2,0.301400,0.329700,-0.028300,0.003503
partition_0,mol0900,Cc1cccc(C2=Cc3cccc[n+]3[B-](F)(F)O2)c1,2,2,3.546600,2.578200,0.968400,0.796451
partition_0,mol0901,CC(=O)Nc1ccc(N2CCOCC2)cc1,2,2,3.907700,3.345700,0.562000,0.065826
partition_0,mol0902,[11CH3]CC1=CC2=CC=CC2=C1n1c2ccccc2c2cc(-c3ccccc3)ccc21,2,2,0.718100,0.428600,0.289500,0.002461
partition_0,mol0903,C1=CC2=Nc3ccc(-c4cccc5cc6ccccc6cc45)cc3C2=C1,2,2,1.115100,0.728200,0.386900,0.000736
partition_0,mol0904,N#Cc1ccc(N2c3ccccc3Oc3ccccc32)cc1C#N,2,2,2.556700,2.250000,0.306700,0.206745
partition_0,mol0905,Cc1ccc2c3ccccc3n(-c3ccc(-c4cccc5ccc(-c6ccccc6)cc45)cc3)c2c1,2,2,3.856700,3.302400,0.554300,0.268559
partition_0,mol0906,C1=CC2=C(C3=NCCO3)C=CC2=C1,2,3,0.525200,0.149500,0.375700,0.000379
partition_0,mol0907,CC(=O)c1ccc2c(c1)c1ccccc1n2-c1ccccc1,2,3,3.863800,3.261700,0.602100,0.042597
partition_0,mol0908,CCCCc1cc(C)c2ccc3c(CCCC)cc(CCCC)c4ccc1c2c34,2,3,3.582300,2.637800,0.944500,0.004550
partition_0,mol0909,CCN1CCC2=C1CC(C)(C)CC2=O,2,3,3.925700,2.438200,1.487500,0.705582
partition_0,mol0910,O=[N+]([O-])c1ccc(Nc2ccccc2)cc1,2,3,3.638100,2.650500,0.987600,0.980883
partition_0,mol0911,CCCCCCCCCCn1c2ccc(C=O)cc2c2cc(C=O)ccc21,2,3,3.788600,3.174500,0.614100,0.010417
partition_0,mol0912,CCCCCCCCCOc1ccc2c3c(cccc13)C=C2,2,3,2.604100,2.183600,0.420500,0.034378
partition_0,mol0913,CCCCCCN1c2cccc3c(OC)ccc(c23)S1(=O)=O,2,3,3.537500,2.745400,0.792100,0.255699
partition_0,mol0914,Cc1cc2ccc3cccc4cc5cnccc5c1-c2c34,2,3,1.158900,0.880600,0.278300,0.019149
partition_0,mol0915,CCCCCCCc1ccc2ccc3cccc4ccc1c2c34,2,3,3.674900,2.745400,0.929500,0.004507
partition_0,mol0916,CCOc1ccc(C(F)(F)F)cc1N1CCCCC1,2,3,3.755700,3.234500,0.521200,0.069692
partition_0,mol0917,C1=NC=N1,2,3,2.524800,2.045000,0.479800,0.000783
partition_0,mol0918,C1=CN=C1,2,3,2.203000,1.412500,0.790500,0.002311
partition_0,mol0919,Clc1cc2c3c(cccc3c1)C=C2,2,3,2.588100,2.216400,0.371700,0.006468
partition_0,mol0920,O=C(CCC1=C2C=CC=C2C=C1)Oc1ccc([N+](=O)[O-])cc1,2,3,0.647000,0.292600,0.354400,0.000112
partition_0,mol0921,CN(CCO)c1ccc(/C=C/C(=O)c2ccc(NC(=O)c3cccc(S)c3)cc2)cc1,2,3,3.300400,2.251000,1.049400,1.803549
partition_1,mol0922,C1=CC2=C(n3ccc4ccccc43)C=CC2=C1,2,3,0.667200,0.380400,0.286800,0.003512
partition_1,mol0923,O=S(=O)(c1ccccc1)c1ccc(-c2cc(-c3ccc(-n4cccn4)cc3)cc(-c3ccc(S(=O)(=O)c4ccccc4)cc3)c2)cc1,2,3,4.568500,3.793100,0.775400,1.502134
partition_1,mol0924,CCCCCCCCCOc1cc(OCCCC)c(C#Cc2ccc(N(C)C)cc2)cc1C#Cc1ccc(C(=O)O)cc1,2,3,3.842000,3.165400,0.676600,1.966697
partition_1,mol0925,O=C(O)CCC1=C2C=CC=C2C=C1,2,3,0.635400,0.273200,0.362200,0.000165
partition_1,mol0926,Cc1cc2ccc3cccc4cc1-c2c34,2,3,1.633300,1.269700,0.363600,0.002014
partition_1,mol0927,Cc1nnc(C)n1C1=C2C=CC=C2C=C1Cl,2,3,0.606500,0.250000,0.356500,0.000251
partition_1,mol0928,OC[C@H]1O[CH][C@@H](O)[C@@H]1O,2,3,4.180200,4.180200,0.000000,0.003096
partition_1,mol0929,CC(=O)c1ccc(NC(=O)CN2C(=O)C(=O)c3ccccc32)cc1,2,3,2.222200,1.859100,0.363100,0.022484
partition_1,mol0930,C1=NC(c2ccc(N(c3ccccc3)c3ccccc3)cc2)=C1,2,3,1.797500,0.977300,0.820200,0.185649
partition_1,mol0931,CC(=O)Nc1ccc(C(=O)/C=C/c2ccc(N(C)CCO)cc2)cc1,2,3,3.309300,2.248200,1.061100,1.698075
partition_1,mol0932,Fc1ccc2ccc(Nc3nc(Nc4ccccc4)nc4ccc(Br)cc34)cc2c1,2,3,3.547700,2.848300,0.699400,0.535236
partition_1,mol0933,O=C1CC(C2=C3C=CC=C3C=C2)C(=O)N1c1ccc(F)cc1,2,3,0.633700,0.284000,0.349700,0.000216
partition_1,mol0934,CCCCCCCCCCCOc1cc2cc(OCCCCCC)c(OCCCCCCCCCC)cc2cc1C#Cc1ccc([N+](=O)[O-])cc1,2,3,3.473400,2.848100,0.625300,0.516129
partition_1,mol0935,CCCCCCCCC[N+]1=C(/C=C2/C(=O)C(O)=C2[O-])C(C)(C)c2ccccc21,2,3,2.767800,1.064800,1.703000,1.337758
partition_1,mol0936,CCCCCCCCCCCn1c2ccccc2c2cc(C#N)ccc21,2,3,3.840400,3.452300,0.388100,0.037761
partition_1,mol0937,CCCCCCCCCCCCC(=O)c1ccc2cc(C(=O)CCCCCCCCC)ccc2c1,2,3,3.588400,3.038900,0.549500,0.033708
partition_1,mol0938,Cc1cc2ccccc2c2c1ccc1c3ccccc3ccc12,2,3,3.515800,3.249300,0.266500,0.000350
partition_1,mol0939,CN1CCC1c1cccs1,2,3,5.278900,4.165100,1.113800,0.053063
partition_1,mol0940,Cc1ccc2ncn(-c3ccc(-n4c5ccccc5c5ccccc54)cc3)c2c1,2,3,3.877500,3.414900,0.462600,0.309574
partition_1,mol0941,CCc1cc2ccccc2nc1SCC(=O)Nc1ccc(C(C)=O)cc1,2,3,3.828500,3.346500,0.482000,0.133257
partition_1,mol0942,CCCCCCCCCCCCOc1cc2ccc3cc(C#Cc4ccc([N+](=O)[O-])cc4)c(OCCCCCCCCCCCC)c4ccc(c1OCCCCCCCCC)c2c34,2,3,3.305800,2.540600,0.765200,0.489151
partition_1,mol0943,CCCCc1ccc2ccc3c(CCC)ccc4ccc1c2c43,2,3,3.646700,2.710500,0.936200,0.017529
partition_1,mol0944,O=CC1=CC=C2C=CC=C12,2,3,0.532700,0.095100,0.437600,0.000743
partition_1,mol0945,Cc1cc(C)c([SH](=O)=O)c(C)c1,2,3,4.375900,4.027300,0.348600,0.102917
partition_1,mol0946,CN(C)CCNc1ccc2ccc3cccc4ccc1c2c34,2,3,3.307200,2.285100,1.022100,0.631446
partition_1,mol0947,CCCOc1cc(=O)oc2c(OCC)ccc(OC)c12,2,3,3.579300,2.904800,0.674500,0.115320
partition_1,mol0948,CC(=O)c1ccc2ccc3c(N(C)C)ccc4ccc1c2c43,2,3,2.994900,2.036100,0.958800,0.867748
partition_1,mol0949,Cc1cc2ccccc2c2c1CCC1=C3CCc4ccc(c1c43)CC2,2,3,2.001100,1.498800,0.502300,0.006256
partition_1,mol0950,Cc1cc2c3ccc(ccc13)c1ccccc12,2,3,1.387800,0.856000,0.531800,0.010355
partition_1,mol0951,COCCOc1ccc(C(N)=O)cc1,2,4,4.656500,4.058400,0.598100,0.015066
partition_1,mol0952,CCCCCCCCCCNC(=O)c1ccc(C(=O)NCCCCCC)cc1,2,4,4.628000,4.395700,0.232300,0.023548
partition_1,mol0953,COC(=O)CCC1c2ccccc2-c2ccccc21,2,4,4.640500,3.818300,0.822200,0.027378
partition_1,mol0954,CCCCCCCCCN1C(=CC2=C([O-])C(=CC3=[N+](CCCCCC)c4ccccc4C3(C)C)C2=O)C(C)(C)c2cc(C(=O)O)ccc21,2,4,2.347800,1.001800,1.346000,3.228356
partition_1,mol0955,CC1(C)CC=C2C1=Nc1ccc(O)cc1C2(C)C,2,4,3.985100,2.845300,1.139800,0.851542
partition_1,mol0956,COC(=O)C1=C2SC(C)=C2C(=O)N1,2,4,1.859200,1.515500,0.343700,0.009064
partition_1,mol0957,CC1CCCC1,2,4,8.465800,8.452300,0.013500,0.002569
partition_1,mol0958,CCN(C)c1ccc(-n2c(C)nnc2C)cc1,2,4,3.898400,3.286900,0.611500,0.081398
partition_1,mol0959,Br,2,4,7.329100,7.329100,0.000000,0.011011
partition_1,mol0960,OCl,2,4,5.057900,5.057900,0.000000,0.003445
partition_1,mol0961,CCCCCCNc1ccnc2cc(Cl)ccc12,2,4,3.823400,2.916800,0.906600,0.282472
partition_1,mol0962,OC1=CC=C2C=CC=C12,2,4,0.270500,1.614400,-1.343900,0.001156
partition_1,mol0963,OF,2,4,5.709200,5.709200,0.000000,0.003175
partition_1,mol0964,CN(C)c1ccc(-n2c(-c3ccccc3)nnc2-c2ccccc2)cc1,2,4,3.926400,3.287700,0.638700,0.076763
partition_1,mol0965,COc1cc2cc(Br)c(F)cc2n2c1c(F)c1cc(F)ccc12,2,4,3.371500,2.508500,0.863000,0.451118
partition_1,mol0966,Cc1ccc2c(C)coc2c1,2,4,4.627700,3.909800,0.717900,0.020978
partition_1,mol0967,CC1=CCC1,2,4,6.016600,4.900200,1.116400,0.019612
partition_1,mol0968,CN(C)c1ccc(-n2c(-c3ccccc3)nc3ccccc32)cc1,2,4,3.898800,3.270200,0.628600,0.073767
partition_1,mol0969,CC1=CC=C2C=CC=C12,2,4,0.547900,0.183300,0.364600,0.000280
partition_1,mol0970,CCCCN1C(=O)c2cccc3c(N4CCOCC4)ccc(c23)C1=O,2,4,2.825300,1.959100,0.866200,0.482285
partition_1,mol0971,Cc1nnc(C)n1-c1ccc(N(C)C)cc1,2,4,3.904100,3.267300,0.636800,0.080029
partition_1,mol0972,CCc1cc(-n2cc(-c3ccccc3)nn2)cc(-n2ncc(-c3ccccc3)n2)c1,2,4,4.330400,3.463100,0.867300,1.281363
partition_1,mol0974,NC1=CC=C2C=CC=C12,2,4,0.655900,0.391700,0.264200,0.002242
partition_1,mol0975,CCNc1nc(Cl)nc(NC)n1,2,4,5.062500,4.485600,0.576900,0.052038
partition_1,mol0976,CC(C)C,2,4,8.653400,8.639400,0.014000,0.000024
partition_1,mol0977,C[C@@H]1O[CH][C@@H]1O,2,4,4.373300,4.373300,0.000000,0.004257
partition_1,mol0978,C1=CCCC1,2,4,6.125600,5.232900,0.892700,0.010532
partition_1,mol0979,CC(=O)Nc1cnc2n(C)c3ccccc3n12,2,4,3.710200,3.164200,0.546000,0.228299
partition_1,mol0980,CCN,2,4,6.328700,6.324700,0.004000,0.020723
partition_1,mol0981,COc1ccc(N(C)C(=O)Cn2c3ccccc3c(=O)c3ccccc32)cc1,2,4,3.491100,2.708100,0.783000,0.254118
partition_1,mol0983,CCCCCCC1CC(=NO)c2cc(Br)ccc2-c2ccc(Br)cc21,2,4,4.843900,4.364100,0.479800,0.005705
partition_1,mol0985,NP,2,4,5.085900,5.078800,0.007100,0.006312
partition_1,mol0986,CC1=C2C=CC=C2C=C1,2,4,0.624000,0.262000,0.362000,0.000162
partition_1,mol0987,C1=NN=C1,2,4,2.524800,2.047200,0.477600,0.000784
partition_1,mol0988,C1=Cc2cccc3cccc1c23,2,4,2.612900,2.234300,0.378600,0.007991
partition_1,mol0989,OC[C@@H]1O[CH][C@@H]1O,2,4,4.379500,4.379500,0.000000,0.003760
partition_1,mol0990,CCCCCCCCNc1ccc(Cl)cc1,2,4,4.173000,3.566000,0.607000,0.068751
partition_1,mol0991,CN(CCO)c1ccc(/C=C/C(=O)c2ccc(NC=O)cc2)cc1,2,4,3.317100,2.232000,1.085100,1.771906
partition_1,mol0992,O=C1CCCCCC1S(=O)(=O)O,2,4,3.898000,3.675400,0.222600,0.049929
partition_1,mol0993,[As]c1nc2ccccc2o1,2,4,0.169200,0.169200,0.000000,0.000000
partition_1,mol0994,Nc1nc(Nc2ccccc2)nc(Nc2ccccc2)n1,2,4,4.635000,3.997700,0.637300,0.127713
partition_1,mol0995,N#Cc1ccc2c(c1)cc(C#N)c1c3cc(C#N)ccc3c(C#N)cc21,3,0,3.541800,2.910000,0.631800,0.018110
partition_1,mol0996,Cc1ccc2cc3cc4cc5cc6cc7ccccc7cc6cc5cc4cc3cc2c1,3,0,1.313600,1.313900,-0.000300,0.000845
partition_1,mol0997,CC1=CC=c2c1nc1c(c2C)C=CC=1C,3,0,0.657800,0.511000,0.146800,0.000133
partition_1,mol0999,Cc1c2ccccc2c(-c2ccccc2)c2cc3ccccc3cc12,3,0,2.696500,1.596400,1.100100,0.294558
partition_1,mol1000,O=C1C=CC=C1c1ccccc1,3,0,1.522600,0.935900,0.586700,0.049480
partition_1,mol1001,COc1ccc2c(c1)c1cc3c4ccccc4n(-c4ccccc4)c3cc1n2-c1ccc(-c2ncccn2)cc1,3,0,3.587200,3.112800,0.474400,0.254138
partition_1,mol1002,CC1=Cc2cc3ccccc3cc2N2CCCC(C=Cc3ccc4cc5ccccc5cc4c3)=C12,3,0,2.536800,1.574400,0.962400,1.763562
partition_1,mol1003,C1=NC2=NC=NC2=N1,3,0,0.797100,0.592100,0.205000,0.000841
partition_1,mol1004,COCCC1=Cc2nc1ccc1[nH]c(c3nc(ccc4[nH]c2cc4CCOC)C(CCOC)=C3)c(CCOC)c1C=O,3,0,2.133300,1.456600,0.676700,0.273504
partition_1,mol1005,COC(=O)c1cc(C(=O)OC)c(N2CCOCC2)c(C#N)n1,3,0,3.129600,2.560400,0.569200,0.130905
partition_1,mol1006,Cc1cc2c3ccccc3cc3ccc4cccc1c2c43,3,0,0.933400,0.646800,0.286600,0.008059
partition_1,mol1007,N#Cc1c(Cl)nc2ccccn12,3,0,4.211700,3.576200,0.635500,0.063532
partition_1,mol1008,COc1cc(/C=C/C2=CC(C)=[O+][B-](F)(F)O2)ccc1O,3,0,3.040400,1.976600,1.063800,1.016002
partition_1,mol1009,CCOC(=O)CCCCn1c2ccccc2c(=O)c2cc3cc4c(cc3cc21)c(=O)c1cc(C)ccc1n4CCCCOC,3,0,2.536900,1.781600,0.755300,0.263010
partition_1,mol1010,CCc1c2cc3ccccc3cc2c(C#Cc2ccccc2)c2cc3ccccc3cc12,3,0,2.227000,1.130100,1.096900,0.523707
partition_1,mol1011,CCCCCCCCOc1ccc2c(c1)c1c3ccc(OCCCCC)cc3c3ccccc3c1c1cccc(OCCCCCCCC)c21,3,0,3.388100,2.794000,0.594100,0.017335
partition_1,mol1012,CCCc1c2ccccc2c(CC)c2cc3cc4ccccc4cc3cc12,3,0,2.290500,1.178400,1.112100,0.245210
partition_1,mol1013,CNc1ccc2cc3ccccc3cc2c1,3,0,2.986400,2.103200,0.883200,0.155107
partition_1,mol1014,N#Cc1cc(C#N)c(N2c3ccccc3Oc3ccccc32)c(C#N)c1,3,0,2.243000,1.851000,0.392000,0.226198
partition_1,mol1015,CN(C)c1ccccc1,3,0,4.027800,3.444400,0.583400,0.010158
partition_1,mol1016,N#Cc1ccc2c3ccccc3n(-c3cc4cc5ccoc5cc4o3)c2c1,3,0,3.554100,3.058900,0.495200,0.354579
partition_1,mol1017,CN(C)c1ccc2cc3ccccc3cc2c1,3,0,2.732400,1.929200,0.803200,0.166516
partition_1,mol1018,CC1=CC(C)=[N+]2C1=Cc1ccc(C)n1[B-]2(F)F,3,0,2.931900,1.397600,1.534300,0.931594
partition_1,mol1019,CNc1cc2oc3ccccc3[nH]c2c2c(=O)c3ccccc3c(=O)c12,3,0,2.103300,0.941800,1.161500,0.650067
partition_1,mol1020,C#Cc1cc(C#Cc2ccccc2)c2ccc3c(C#Cc4ccccc4)cc(C#Cc4ccccc4)c4ccc1c2c43,3,0,3.150500,2.298800,0.851700,2.268552
partition_1,mol1021,CCOCCC1=Cc2nc1ccc1[nH]c(cc1CCOCC)c1nc(ccc3[nH]c2cc3CCOCC)C=C1COC,3,0,2.146800,1.533300,0.613500,0.234245
partition_1,mol1022,Cc1c2cc3ccccc3cc2c(C#C[Si](C(C)C)(C(C)C)C(C)C)c2cc3ccccc3cc12,3,0,2.205900,1.113900,1.092000,0.352667
partition_1,mol1023,COC1=CC2=[N+]3C(=CC(c4ccccc4)=C(c4ccccc4)N1[B-]3(F)F)c1ccc(-c3ccccc3)cc12,3,0,2.284100,1.599800,0.684300,0.292789
partition_1,mol1024,CCCc1c2ccccc2c(CC)c2ccccc12,3,0,3.298900,2.206400,1.092500,0.263522
partition_1,mol1025,Cc1cc(C)c(C2=C3C=CC=[N+]3[B-](F)(F)n3c2c2cc4ccccc4cc2c3-c2ccc[nH]2)c(C)c1,3,0,2.568800,1.423800,1.145000,1.140578
partition_1,mol1026,CC1=Cc2ccc3ccccc3[n+]2[B-](F)(F)N1c1ccccc1,3,0,2.940400,2.016900,0.923500,0.463545
partition_1,mol1027,N#Cc1ccc2c(c1)c1ccccc1n2-c1ccc(-c2cc(-c3ccccc3)c(C#N)c(-c3ccccc3)c2)cc1,3,0,3.878300,3.505500,0.372800,0.136316
partition_1,mol1028,Nc1ccc2cc3ccccc3cc2c1,3,0,3.126700,2.155200,0.971500,0.162056
partition_1,mol1029,CCOCCC1=Cc2nc1ccc1[nH]c(cc1CCOCC)c1nc(ccc3[nH]c2cc3CCOCC)C(CCOC)=C1,3,0,2.158000,1.530700,0.627300,0.233082
partition_1,mol1030,CC1=CC2=Cc3c(C)cc(C)n3[B-](F)(F)[N+]2=C1C,3,0,2.892200,1.390200,1.502000,0.938420
partition_1,mol1031,CNc1cc2ccccc2c2c1=NC(C)(C)N=2,3,0,2.131800,1.471300,0.660500,0.135463
partition_1,mol1032,CCOc1ccc(CN2C(=O)C(=O)c3cc(OC)ccc32)cc1,3,0,1.900200,1.468200,0.432000,0.032482
partition_1,mol1033,CN(C)c1ccc2cc3c(cc2c1)CCC3=O,3,0,3.215300,2.415500,0.799800,0.335968
partition_1,mol1034,O=S1(=O)C=Cc2sccc21,3,0,3.882000,2.859900,1.022100,0.192860
partition_1,mol1035,CC1=Cc2c(c3ccccc3c3ccccc23)C1=O,3,0,1.607800,1.152400,0.455400,0.028450
partition_1,mol1036,CCc1cc2c3ccccc3[nH]c2c2ccccc12,3,0,3.792000,3.179400,0.612600,0.051751
partition_1,mol1037,COC1=CC2=Nc3c(OC)cc(OC)cc3C(C)(C)C2=CC1=O,3,0,2.520100,1.385100,1.135000,0.420312
partition_1,mol1038,CC1=N/C(=C(\c2ccc(N(C)C)cc2)c2ccc(O)cc2C)C=C1,3,0,3.111800,1.775300,1.336500,1.466644
partition_1,mol1039,CN1C(=O)NC(=O)C1=Cc1c2ccccc2cc2ccccc12,3,0,3.067600,2.149000,0.918600,0.515474
partition_1,mol1040,F[B-]1(F)n2c(-c3ccccc3)cc(-c3ccccc3)c2N=C2C(c3ccccc3)=CC(c3ccccc3)=[N+]21,3,0,2.433700,1.148000,1.285700,1.240980
partition_1,mol1041,CCCCCCCCCCOC,3,0,6.894300,6.892400,0.001900,0.013703
partition_1,mol1042,Cc1cc2c3ccccc3c3nc4ccccc4nc3c2o1,3,0,3.237900,2.698000,0.539900,0.007565
partition_1,mol1043,Brc1cc2cc3ccccc3cc2c2cc3ccccc3c(Br)c12,3,0,3.331700,2.676700,0.655000,0.002677
partition_1,mol1044,CN(c1ccccc1)c1ccc2cc3cccc(N(c4ccccc4)c4ccccc4)c3cc2c1,3,0,2.710800,2.013600,0.697200,0.382558
partition_1,mol1045,CCc1ccc2cc3cc4ccccc4cc3cc2c1,3,0,2.813400,1.661500,1.151900,0.207048
partition_1,mol1046,CN(C)c1cccc2cc3ccccc3cc12,3,0,3.008300,2.123200,0.885100,0.220800
partition_1,mol1047,COCCC1=CC2=c3ccc4nc(cc(NC(=O)CCCC(=O)O)c5[nH]c(cc5CCOC)c5nc(c([nH]3)=CC1=N2)C=C5CCOC)C(C)=C4,3,0,1.570200,1.110600,0.459600,0.066705
partition_1,mol1048,COc1ccc(-c2c3cc4ccccc4cc3c(C)c3cc4ccccc4cc23)cc1,3,0,2.263300,1.164700,1.098600,0.307830
partition_1,mol1049,COc1ccc(OC)c(/C=C2\N=C(C)NC2=O)c1,3,0,3.027000,1.932900,1.094100,0.490828
partition_1,mol1050,CCCC1=Cc2nc1ccc1[nH]c(cc3nc(c(C)c4ccc2[nH]4)C=C3CC)c(CN(C)C)c1CCC,3,0,1.181600,0.908600,0.273000,0.055088
partition_1,mol1051,Cc1cc2cc3ccccc3cc2c2cc3cc4ccccc4cc3cc12,3,0,3.106100,2.042200,1.063900,0.188655
partition_1,mol1052,CN(Cc1c2ccccc2c(CN(Cc2ccccc2)c2ccccc2)c2ccccc12)c1ccccc1,3,0,3.197100,2.249000,0.948100,0.103612
partition_1,mol1053,Nc1c(N)c2c3ccccc3c(=O)c2c2c(=O)c3ccccc3c(=O)c12,3,0,2.519700,1.849800,0.669900,0.158132
partition_1,mol1054,CSc1ccc(C#Cc2cc(C#N)c3ccc4c(C#Cc5ccc(SC)cc5)cc(C#Cc5ccc(SC)cc5)c5ccc2c3c45)cc1,3,0,3.035600,2.247000,0.788600,2.628306
partition_1,mol1055,CC1=N/C(=C\c2c3ccccc3cc3ccccc23)C(=O)N1,3,0,2.868600,1.911300,0.957300,0.597975
partition_1,mol1056,COCCCC(=O)ON1C(=O)CCC1=O,3,0,5.131900,5.116000,0.015900,0.007498
partition_1,mol1057,CC1=Cc2ccc(N)c3cccc1c23,3,0,2.511300,1.917200,0.594100,0.093683
partition_1,mol1058,CCCC1=Cc2nc1ccc1[nH]c(cc1CCC)c1nc(ccc3[nH]c2cc3CCO)C(C)=C1,3,0,2.154500,1.528600,0.625900,0.213844
partition_1,mol1059,N#Cc1c2ccccc2c(C#N)c2ccccc12,3,0,3.035500,1.923100,1.112400,0.313338
partition_1,mol1060,CC1=Cc2c3ccccc3cc[n+]2[B-](F)(F)O1,3,0,3.476200,2.373600,1.102600,0.574901
partition_1,mol1061,N#CC1=NP(c2ccccc2)c2ccccc2N1c1ccccc1,3,0,3.075700,2.486000,0.589700,0.121382
partition_1,mol1062,CCCc1cc2c3c4c1=CC=C4C(C)N=c3cc1ccccc12,3,0,0.369800,0.164400,0.205400,0.002921
partition_1,mol1063,CCOCCc1cc2[nH]c1ccc1nc(c3cc(CCOC)c(ccc4nc2C=C4CCOC)[nH]3)C=C1CCOC,3,0,1.799200,1.352100,0.447100,0.132022
partition_1,mol1064,COCC#N,3,0,6.701900,6.690800,0.011100,0.019574
partition_1,mol1065,COCCOCCOCCOCCOc1cc(OCCOCCOCCOC)c(OCCOCCOCCOC)cc1C=O,3,0,3.499000,2.720500,0.778500,0.196124
partition_1,mol1066,Clc1c2cc3ccccc3cc2c(Oc2ccccc2)c2cc3sccc3cc12,3,0,2.393000,1.359100,1.033900,0.251777
partition_1,mol1067,N#Cc1nc2ccccc2nc1N1c2ccccc2Oc2ccccc21,3,0,2.281100,1.971600,0.309500,0.069592
partition_1,mol1068,CN(C)c1ccc([N+](=O)[O-])c2nonc12,3,0,2.951100,1.690600,1.260500,0.471895
partition_1,mol1069,O=CCc1cc2cc3ccccc3cc2c2nc3ccccc3n12,3,0,3.480200,2.719000,0.761200,0.215209
partition_1,mol1070,Clc1ccc2c(c1)c1cc3c(cc1n2-c1ccccc1)c1ccccc1n3-c1ccccc1,3,0,3.261100,2.713400,0.547700,0.219853
partition_1,mol1071,CCc1c2cc3ccccc3cc2c(-c2ccc(F)cc2)c2cc3ccccc3cc12,3,0,2.276900,1.174600,1.102300,0.296335
partition_1,mol1072,COc1ccc(N(C)CCO)c2nc3ccccc3nc12,3,0,1.895500,1.343800,0.551700,0.100063
partition_1,mol1073,Cc1cc2c3ccc4cccc(c5cccc1c52)c43,3,0,2.428200,2.015700,0.412500,0.018130
partition_1,mol1074,Cc1c2cc3ccccc3cc2c(-c2ccccc2)c2cc3ccccc3cc12,3,0,2.282600,1.164800,1.117800,0.289636
partition_1,mol1075,O=C1c2ccccc2-c2c1c1ccccc1c1nc[nH]c21,3,0,2.362700,1.919900,0.442800,0.039885
partition_1,mol1076,Oc1ccc2cc3ccc(O)cc3cc2c1,3,1,3.355900,2.279900,1.076000,0.158558
partition_1,mol1077,O=Cc1ccc2cc3ccccc3cc2c1,3,1,3.226400,2.219900,1.006500,0.153003
partition_1,mol1078,COc1ccc2c(=O)c3cc(OC)ccc3[nH]c2c1,3,1,3.526800,2.665100,0.861700,0.184512
partition_1,mol1079,CCCCCCC[N+]1=C(CC2=C([O-])C(=O)/C2=C(\C#N)C(=O)OCC)C(C)(C)c2ccccc21,3,1,2.659700,2.171500,0.488200,0.043293
partition_1,mol1080,CC(=O)NN=Cc1c2ccccc2cc2ccccc12,3,1,3.122800,2.032200,1.090600,0.559634
partition_1,mol1081,CCn1c(C)cc(/C=C(/C#N)c2ccc(C=C(C(=O)O)C(=O)O)s2)c1C,3,1,2.679300,1.671200,1.008100,1.148241
partition_1,mol1082,COCSc1c2ccccc2c(SCOCCCCN2CCOCC2)c2ccccc12,3,1,3.161000,2.189700,0.971300,0.278010
partition_1,mol1083,CCCCCCCn1c2ccccc2c2ccc3c4c5ccccc5n(CCCCCCC)c4n(CC)c3c21,3,1,3.671800,3.403000,0.268800,0.016288
partition_1,mol1084,COC1=CC(=O)C(OC)=CC1=O,3,1,1.953800,1.416900,0.536900,0.001124
partition_1,mol1085,CCCC(=O)Oc1c(-c2ccc([N+](=O)[O-])cc2)c2nc3ccccc3nc2c2ccccc12,3,1,2.850100,2.779200,0.070900,0.009422
partition_1,mol1086,CCn1c2ccccc2c2cc(/C=C(\C#N)c3ccc(C4=C5C(C)=CC(C)=[N+]5[B-](F)(F)n5c(C)cc(C)c54)s3)ccc21,3,1,2.858100,1.422500,1.435600,0.991824
partition_1,mol1087,CCCC(=O)Oc1c2ccccc2nc2cccnc12,3,1,3.361800,2.538900,0.822900,0.014941
partition_1,mol1088,O=S(=O)(c1ccccc1)c1ccc(-n2c3ccc(-c4ccccc4)cc3c3cc(-c4ccccc4)ccc32)cc1,3,1,3.812300,3.422000,0.390300,0.278050
partition_1,mol1089,CCCCn1c2ccc(C)cc2c(=O)c2cc3c(cc21)c(=O)c1ccc(C)cc1n3CCCCCC(=O)OCC,3,1,2.758400,1.927300,0.831100,0.282433
partition_1,mol1090,CCCCCCCOc1cc(OCCCC)c(N(CC)CC)cc1C1=C(c2cccnc2)C(=O)N(C)C1=O,3,1,1.509600,0.954300,0.555300,0.177479
partition_1,mol1091,COc1ccc(OC)c2nc3ccccc3nc12,3,1,2.502000,1.869100,0.632900,0.093281
partition_1,mol1092,CCn1c2ccccc2c2ccc(/C=C(/C#N)C(=O)O)cc21,3,1,2.790700,2.334100,0.456600,0.065691
partition_1,mol1093,Cc1c2ccccc2c(C)c2cc(N(C)C)ccc12,3,1,2.678800,1.858100,0.820700,0.181887
partition_1,mol1094,Fc1ccc(N(c2cc(F)cc(F)c2)c2ccc3ccc4ccc(N(c5cc(F)cc(F)c5)c5cc(F)cc(F)c5)cc4c3c2)cc1,3,1,3.514500,3.055300,0.459200,0.542529
partition_1,mol1095,CCOC(=O)CCCCCn1c2ccc(I)cc2c2cc3c(cc21)c(=O)c1ccccc1n3CCCCC(=O)OC,3,1,2.946800,2.239100,0.707700,0.205236
partition_1,mol1096,CCCn1c2ccc(Br)cc2c2cc3cc(Br)ccc3cc21,3,1,3.244600,2.578600,0.666000,0.100520
partition_1,mol1097,O[C@H]1[C@H](O)[C@H](Oc2cc3ccccc3c3ccc4ccccc4c23)[CH][C@H]1O,3,1,3.107800,3.107800,0.000000,0.014587
partition_1,mol1098,CCCCCCCn1c2ccc(OC)cc2c2ccc3c4cc(OC)ccc4n(CCC)c3c21,3,1,3.384500,2.870100,0.514400,0.153787
partition_1,mol1099,CO[B-]1(O)n2c(C)cc(C)c2C(c2ccc(I)cc2)=C2C(C)=CC(C)=[N+]21,3,1,2.870800,1.459500,1.411300,0.931964
partition_1,mol1100,O=C1C2C=CC1C1C=C2C1,3,1,2.168300,0.982000,1.186300,0.057646
partition_1,mol1101,CCCCn1c2ccc(/C=N\c3ccc(C(=O)O)cc3)cc2c2cc(/C=C(\C#N)c3ccc(/C=N/c4ccc(C(=O)O)cc4)s3)ccc21,3,1,2.920800,2.151200,0.769600,2.189435
partition_1,mol1102,CCCn1c2ccc(/C=N\c3ccc(C(=O)O)cc3)cc2c2cc(/C=C(\C#N)c3ccc(/C=N/c4ccc(C(=O)O)cc4)s3)ccc21,3,1,2.933600,2.173500,0.760100,1.953124
partition_1,mol1103,CCCCCn1c(=O)c2c3c(=O)n(CCCCC)c(=O)c3c3c(c4sc5ccccc5c4n3CC)c2c1=O,3,1,2.102100,1.759300,0.342800,0.047517
partition_1,mol1104,Oc1ccc2cc3ccccc3cc2c1,3,1,3.362900,2.281300,1.081600,0.170796
partition_1,mol1105,CCCCCCCCCN1C2CCCC2C2C3SC(c4ccc(N(c5ccccc5)c5ccccc5)cc4)CC3C2C1C1SC(=S)N(CC(=O)O)C1=O,3,1,3.597800,3.383800,0.214000,0.016929
partition_1,mol1106,COc1cc2c3c(ccc4c3c1C=C4)OC2=O,3,1,2.362100,1.968500,0.393600,0.023070
partition_1,mol1107,N#CC1=Cc2cccc3cccc1c23,3,1,2.586100,2.169700,0.416400,0.015776
partition_1,mol1108,CCOC(=O)CCCCCn1c2ccc(OC)cc2c(=O)c2cc3c(cc21)c(=O)c1cc(OC)ccc1n3CCCCC(=O)OC,3,1,2.614600,1.750500,0.864100,0.290462
partition_1,mol1109,CCn1c(=O)c2c(-c3ccccc3)c(-c3ccccc3)n(C)c2c2ccccc21,3,1,3.856900,3.261400,0.595500,0.505381
partition_1,mol1110,COc1c(OC)c(OC)c2nc3ccccc3nc2c1Cl,3,1,2.564700,1.891400,0.673300,0.080786
partition_1,mol1111,COC(=O)C1=C(C)NC2=C(C(=O)CC(C)(C)C2)C1c1c2ccccc2cc2ccccc12,3,1,2.959700,2.099600,0.860100,0.267526
partition_1,mol1112,CCCCCCCCCOc1c2c(cc3ccccc13)OC(CC(=O)O)O2,3,1,3.792100,3.129600,0.662500,0.037585
partition_1,mol1113,N#Cc1nc2ccc1ccc1c3c(c2)C=CC=3C=1,3,1,1.205500,0.926000,0.279500,0.020935
partition_1,mol1114,N#CC(=O)c1n[nH]c2ccccc12,3,1,3.766100,2.681500,1.084600,0.407482
partition_1,mol1115,CCCCCn1c2ccccc2c2cc(C(C#N)=Cc3ccc(-c4cc(=O)c5cc(Cl)ccc5o4)cc3)ccc21,3,1,3.367800,2.684900,0.682900,1.645759
partition_1,mol1116,COC(=O)/C=C/c1c2ccccc2cc2ccccc12,3,1,3.136100,2.111200,1.024900,0.406807
partition_1,mol1117,O=Cc1nc2c(ccc3ccccc32)[nH]1,3,1,3.815000,2.837400,0.977600,0.498666
partition_1,mol1118,CCCCCCCCCCCOc1cc(C#Cc2ccc(C(=O)c3ccccc3)cc2)c(C#Cc2ccc(C(=O)c3ccccc3)cc2)cc1CCCCCCC,3,1,3.710600,3.214000,0.496600,0.003037
partition_1,mol1119,CCCCCCCn1c2ccc(/C=C(\C#N)C(=O)O)cc2c2cc(Cn3c4ccc(OC)cc4c4cc(OC)ccc43)ccc21,3,1,3.241000,2.355800,0.885200,0.859958
partition_1,mol1120,Oc1ccc2nc3ccccc3c(-c3ccccc3)c2c1,3,1,3.273300,2.336800,0.936500,0.262155
partition_1,mol1121,CCCCCCCn1c2ccccc2c2ccc3c(c4ccccc4n3CCC)c21,3,1,3.655200,3.295600,0.359600,0.118232
partition_1,mol1122,CCCCCCC[N+]1=C(/C=C2/C(=O)C(O)=C2[O-])C(C)(C)c2cc(C(=O)O)ccc21,3,1,2.680800,0.999600,1.681200,1.445131
partition_1,mol1123,CCn1c2cc3ccccc3cc2c2ccc3ccc4ccccc4c3c21,3,1,3.190700,2.608400,0.582300,0.100843
partition_1,mol1124,CCCCCCCCC[N+]1=C(/C=C2\C(=O)C(O)=C2[O-])C(C)(C)c2ccccc21,3,1,2.762000,1.067800,1.694200,1.344460
partition_1,mol1125,COc1cc2nc3cc(Cl)ccc3nc2cc1NC(=O)c1cccc(Br)c1,3,1,3.033000,2.507900,0.525100,0.006106
partition_1,mol1126,CCCCCCCCCN1C2=CC(S(=O)(=O)O)CC2=Nc2ccc3ccccc3c21,3,1,2.373900,1.705100,0.668800,0.152912
partition_1,mol1127,CCN(CC)c1ccc2c(c1)c1cc(N(CC)CC)ccc1n2CCCCN1C(=O)c2cccc3c(N(C)C)ccc(c23)C1=O,3,1,2.199800,2.014600,0.185200,0.001567
partition_1,mol1128,O=C1Nc2ccc3ccccc3c2C1=O,3,1,2.248100,1.758500,0.489600,0.000384
partition_1,mol1129,COCCOCCOCCN1c2ccc(Br)cc2Sc2cc(/C=C(\C#N)C(=O)O)ccc21,3,1,2.411600,1.710500,0.701100,0.599637
partition_1,mol1130,C[CH]Nc1c2ccccc2nc2ccccc12,3,1,1.391600,1.391600,0.000000,0.032898
partition_1,mol1131,Nc1cc2c3c(ccc4c3c1C=C4)C=C2,3,1,1.461600,1.104100,0.357500,0.011211
partition_1,mol1132,O=Cc1c2ccccc2cc2ccccc12,3,1,3.082800,1.951900,1.130900,0.274004
partition_1,mol1133,COc1c2ccccc2c(OC)c2cc3ccccc3cc12,3,1,2.699100,1.569500,1.129600,0.240017
partition_1,mol1134,CCCc1c2ccccc2c(CC)c2cc3ccccc3cc12,3,1,2.683700,1.589200,1.094500,0.253098
partition_1,mol1135,COC(=O)c1cc(O)c2cc3ccccc3cc2c1C,3,1,3.199000,2.183700,1.015300,0.208199
partition_1,mol1136,Oc1cccc2cc3ccccc3cc12,3,1,3.325600,2.246100,1.079500,0.194720
partition_1,mol1137,OC[C@H]1O[C@@H](Oc2ccc3c(c2)-c2cccc4cccc-3c24)[CH][C@H]1O,3,1,2.749600,2.749600,0.000000,0.000425
partition_1,mol1138,Oc1ccc2cc3cc(O)ccc3cc2c1,3,1,3.239600,2.204200,1.035400,0.177261
partition_1,mol1139,CCCCOc1cc2c(Cl)c3cc(OC)ccc3nc2cc1C#N,3,1,3.129300,2.245700,0.883600,0.136646
partition_1,mol1140,CCCCN(c1ccccc1)c1c2cc(/C=C(/C#N)C(=O)O)ccc2c(-c2ccc(N(c3ccccc3)c3ccccc3)cc2)c2ccc(OC)cc12,3,1,2.355800,1.945200,0.410600,0.122929
partition_1,mol1141,CN1C(=O)C(c2ccccc2)=C1/C(=C/c1cn(-c2ccccc2)nc1-c1ccc(F)cc1)c1ccccc1,3,1,2.022700,1.413800,0.608900,0.281153
partition_1,mol1142,COC(=O)c1ccc2c(c1)C(=O)c1ccccc1-2,3,1,2.931800,2.619600,0.312200,0.025271
partition_1,mol1143,O=c1c2ccccc2[nH]c2cc3ccccc3cc12,3,1,3.225800,2.472700,0.753100,0.182828
partition_1,mol1144,N#Cc1c2ccccc2c(C#N)c2cc3ccccc3cc12,3,1,2.402000,1.363900,1.038100,0.234015
partition_1,mol1145,CCCCCCCCCCCCCN1c2ccccc2SC2C=C(c3ccc(C=C4C(=O)c5ccc(C(=O)O)cc5C4=O)s3)CC2N1CCCCCCCCC,3,1,3.150200,1.912200,1.238000,1.777898
partition_1,mol1147,CCCCCCCCCn1c(=O)c2cc3cc4cc5c(=O)n(CCCCCCC)c(=O)c5cc4cc3cc2c1=O,3,1,3.330100,2.509800,0.820300,0.074258
partition_1,mol1148,CCCCCCCn1c2ccccc2c2c3c4cc(/C=C(\C#N)C(=O)O)ccc4n(CCCC)c3ccc21,3,1,2.985400,2.280100,0.705300,0.347155
partition_1,mol1149,c1ccc(-c2cc3cccc4ccc5c6cccc-6c2c5c43)cc1,3,1,0.350700,0.081700,0.269000,0.001991
partition_1,mol1150,C[N+]1=C2C=CC2=C(c2ccccc2)c2cccn2[B-]1(F)F,3,1,1.906200,1.795600,0.110600,0.000461
partition_1,mol1151,c1ccc(N(c2ccccc2)c2cc3nc4ccccc4nc3c3ccccc23)cc1,3,1,2.705300,2.112100,0.593200,0.450220
partition_1,mol1152,CCn1c2ccc(C#N)cc2c2nc3ccccc3nc21,3,1,3.298200,2.732500,0.565700,0.134335
partition_1,mol1153,CCCCCCCn1c2ccccc2c(=O)c2cc3c(cc21)c(=O)c1ccccc1n3CCCCCC,3,1,2.790100,1.949400,0.840700,0.277347
partition_1,mol1154,CCCCc1c2ccc(N)cc2nc2cc3c(cc12)[Se]c1cc2ccccc2cc1N3CCOCCOCCOC,3,1,2.896600,2.290800,0.605800,0.796904
partition_1,mol1155,CN(C)C1=C2C=CC=C2C=C1,3,1,0.660800,0.447100,0.213700,0.002814
partition_1,mol1156,Cc1cc(C)c(-c2cccc(C(=O)c3ccc(-n4c5ccc(S)cc5c5cc(-c6c(C)cccc6C)ccc54)cc3)c2)c(C)c1,3,1,3.611900,3.149300,0.462600,0.418141
partition_1,mol1157,COc1ccc2cc3cc4cc(OC)ccc4cc3cc2c1,3,2,2.734400,1.655700,1.078700,0.192180
partition_1,mol1158,Fc1cccc2cc3ccccc3cc12,3,2,3.488300,2.327200,1.161100,0.203438
partition_1,mol1159,CCn1c2ccc(OC)cc2c2nc3ccccc3nc21,3,2,2.908600,2.392300,0.516300,0.077181
partition_1,mol1160,CNc1cc2ccccc2c2c1C(=O)CC2,3,2,2.701400,2.084000,0.617400,0.137469
partition_1,mol1161,O=C(O)c1ccc(/N=C/c2cc([N+](=O)[O-])ccc2-n2cccc2)cc1,3,2,3.374200,3.005800,0.368400,0.076941
partition_1,mol1162,O=C1c2c(oc3ccccc3c2=O)-c2oc3ccccc3c21,3,2,1.543100,1.058100,0.485000,0.041498
partition_1,mol1163,CCCCCn1c(=O)c2c(=O)n(CCCCC)c(=O)c=2c1=O,3,2,3.249200,3.251300,-0.002100,0.000209
partition_1,mol1164,N#Cc1cc2cccc3c(C#N)cc4ccc(c1)c2c4-3,3,2,2.013100,1.661200,0.351900,0.063398
partition_1,mol1165,N#Cc1nc(N2c3ccccc3Oc3ccccc32)nc(N2c3ccccc3Oc3ccccc32)n1,3,2,3.537000,3.129200,0.407800,0.349442
partition_1,mol1166,O=Cc1cccc(N(c2ccccc2)c2ccccc2)c1,3,2,2.858100,2.435400,0.422700,0.054646
partition_1,mol1167,O=P1(c2ccccc2)c2ccccc2Oc2cccc(C3=C4C=CC=C4C=C3)c21,3,2,0.637300,0.287700,0.349600,0.000346
partition_1,mol1168,C1=CC2=C(c3cccc(-c4cccc5ccccc45)n3)C=CC2=C1,3,2,0.584900,0.230800,0.354100,0.001204
partition_1,mol1169,[2H][13c]1[13c]c2c3cccc2c3c2cc3cccc3cc21,3,2,0.404600,0.404600,0.000000,0.002729
partition_1,mol1170,COc1ccc2c1c(C)c1cccc3cnc2n31,3,2,1.083000,0.563200,0.519800,0.061476
partition_1,mol1171,CCCCCCCn1c2ccccc2c2c3c4ccccc4n(CCC)c3ccc21,3,2,3.335300,2.787600,0.547700,0.111190
partition_1,mol1172,N#Cc1nc(N(Cc2ccccc2Cl)Cc2ccccc2Cl)c(C#N)nc1N(Cc1ccccc1Cl)Cc1ccccc1Cl,3,2,2.281700,1.276500,1.005200,0.223570
partition_1,mol1173,CCCCCCCCN1c2ccccc2-c2ccccc2C12C(C#N)=C(N)Oc1c2ccc2c3ccccc3n(CCN(C)C)c12,3,2,3.400800,2.872700,0.528100,0.204459
partition_1,mol1174,CCN1C(=O)c2cccc3cccc(c23)C1=O,3,2,3.829900,2.790300,1.039600,0.019606
partition_1,mol1175,CCNc1c([N+](=O)[O-])cc([N+](=O)[O-])cc1[N+](=O)[O-],3,2,3.004300,2.391600,0.612700,0.238966
partition_1,mol1176,c1ccc(-c2nn(-c3ccccc3)c3nc4ccc(N(c5ccccc5)c5ccccc5)cc4cc23)cc1,3,2,2.776000,2.140900,0.635100,0.280515
partition_1,mol1177,O=C1[C@H]2C3=C(C=C[C@H]2C(=O)N1c1cccc2cc4ccccc4cc12)C=C1C=CC=C13,3,2,0.446800,0.112800,0.334000,0.001287
partition_1,mol1178,OC[C@H]1O[CH][C@@H](O)[C@H]1O,3,2,4.025000,4.025000,0.000000,0.003289
partition_1,mol1179,N#Cc1nc2c3ccccc3c3ccccc3c2n1-c1ccc(-c2cc3c4ccccc4n(-c4ccccc4)c3cn2)cc1,3,2,3.798200,3.264400,0.533800,0.194418
partition_1,mol1180,COc1cccc(-n2sc3c(c2=S)-c2cc(OC)cc4c2N(C(=O)C4=O)C3(C)C)c1,3,2,1.899400,1.489000,0.410400,0.037373
partition_1,mol1181,CCCCCCCCCCCCn1c(=O)c2cc3cc4cc5c(=O)n(CCCCCCCCCCCC)c(=O)c5cc4cc3cc2c1=O,3,2,3.308400,2.508600,0.799800,0.059896
partition_1,mol1182,CCCCCCCCCn1c2cc3ccccc3cc2c2cc3c(cc21)oc1ccc2ccccc2c13,3,2,3.292800,2.687300,0.605500,0.047160
partition_1,mol1183,COC(=O)c1cccc2nc3ccccc3cc12,3,2,3.489000,2.462500,1.026500,0.208729
partition_1,mol1184,CCOC(=O)c1ccc(C(=O)OC)c2cc3ccccc3cc12,3,2,3.035100,2.115400,0.919700,0.205282
partition_1,mol1185,O=C1c2ccccc2-c2nc(C3=CC=C4C=CC=C43)nn21,3,2,0.537900,0.146300,0.391600,0.003626
partition_1,mol1186,N#Cc1nc(N2CCOCC2)c2c(c1-c1ccc(Cl)cc1)CCc1ccccc1-2,3,2,3.231900,2.670500,0.561400,0.228577
partition_1,mol1187,C[Si]1c2cc3cc4cc5ccccc5cc4cc3cc2[Si]1(C)C,3,2,1.921900,1.921900,0.000000,0.371239
partition_1,mol1188,COc1ccc2c(=O)c3cc4c(cc3[nH]c2c1)OCO4,3,2,3.637300,2.801800,0.835500,0.176475
partition_1,mol1189,O=Cc1coc2ccccc2c1=O,3,2,3.524600,3.403500,0.121100,0.000027
partition_1,mol1190,C1=CC2=Nc3cc(-c4ccc(-c5cc(-c6ccccc6)cc(-c6ccccc6)n5)cc4)ccc3C2=C1,3,2,1.131400,0.747100,0.384300,0.008241
partition_1,mol1191,CCCCCCCn1c2ccc(-c3ccc(F)cc3)cc2c2cc3c4cc(-c5ccc(F)cc5)ccc4n(CCCC)c3cc21,3,2,3.700600,3.212100,0.488500,0.086937
partition_1,mol1192,CCCCCCCCCCCN1CN2C(=Nc3ccccc31)C(C)(C)c1cc3ccccc3cc12,3,2,3.262000,2.733900,0.528100,0.544949
partition_1,mol1193,C[Si](C)(C)c1c2c(cc3c4ccccc4n(-c4ccccc4)c13)[Si](C)(C)c1ccccc1[Si]2(C)C,3,2,3.702700,3.272300,0.430400,0.128936
partition_1,mol1194,COc1ccc2nc3ccccc3cc2c1,3,2,3.370200,2.407400,0.962800,0.174284
partition_1,mol1195,[Sn][CH2]c1ccc2cc3ccccc3cc2c1,3,2,1.051200,1.051200,0.000000,0.107575
partition_1,mol1196,Cc1cc(C)c(B2C3=CC=CC3=Cc3ccc4c5c(ccc2c35)C=C4)c(C)c1,3,2,1.811300,1.464700,0.346600,0.005737
partition_1,mol1197,CCCCCCCCCCn1c2ccc(C#N)cc2c2c3c4cc(C#Cc5cccc(/C=C(\C#N)C(=O)O)c5)ccc4n(CCCCCCCCC)c3ccc21,3,2,3.341400,2.863900,0.477500,0.062017
partition_1,mol1198,COc1cc(-c2ccccc2)c2c(-c3ccccc3)cccc2c1-c1ccccc1,3,2,3.705600,2.927900,0.777700,0.385015
partition_1,mol1199,Cc1ccccc1C(=O)c1cc2c3ccccc3c3ccc4ccccc4c3c2cc1[Si]1c2ccccc2-c2ccccc21,3,2,2.878500,2.878500,0.000000,0.188019
partition_1,mol1200,COc1cc(-n2c(-c3ccc(C(C)(C)C)cc3)nc3c4ccc(I)cc4c4cc(I)ccc4c32)cc(OC)c1OC,3,2,3.803400,3.461000,0.342400,0.144996
partition_1,mol1201,Brc1cc2cc3ccccc3cc2c2ccccc12,3,2,3.655100,2.688000,0.967100,0.008364
partition_1,mol1202,CN(Cc1c2ccccc2cc2ccccc12)c1cc([N+](=O)[O-])ccc1[N+](=O)[O-],3,2,2.126300,1.459300,0.667000,0.078078
partition_1,mol1203,CCCCCCCCCCCN1c2ccccc2C(C)(C)C12C=Nc1c(ccc3cc4ccccc4cc13)O2,3,2,2.999800,2.079600,0.920200,0.295980
partition_1,mol1204,CCN1CCCC1,3,2,5.304500,5.272100,0.032400,0.026278
partition_1,mol1205,CCCCCCCn1c2ccc(/C=N/c3ccc4oc5ccccc5c4c3)cc2c2cc(/C=C(\C#N)C(=O)O)ccc21,3,2,3.338100,2.509100,0.829000,1.760110
partition_1,mol1206,NCc1c2ccccc2cc2ccccc12,3,2,3.409500,2.268600,1.140900,0.230267
partition_1,mol1207,CCCCCCCCCCCOc1cc(F)cc2ccc3c(c12)-c1c(F)ccc2cc(F)cc(c12)-c1cc(F)c(OCCCCCCCCCC)cc1-3,3,2,3.428800,2.690400,0.738400,0.335088
partition_1,mol1208,CCCCCCCCCCCCN1c2ccccc2Sc2cc(C(F)(F)F)c(Cl)cc21,3,2,3.084900,2.703500,0.381400,0.099630
partition_1,mol1209,CCCCCCCCCn1c2cc(F)c(OC)cc2c2cc3ccccc3cc21,3,2,3.138500,2.500700,0.637800,0.101027
partition_1,mol1210,COc1cc(-c2cc(-c3ccccc3)cc(-c3ccccc3)c2)c(C#N)cc1C#N,3,2,4.276700,3.721500,0.555200,0.073979
partition_1,mol1211,C#Cc1cnc2c(N3CCCCC3)ccc(/C=C3\SC(=S)N(CC(=O)O)C3=O)c2n1,3,2,2.671300,1.662400,1.008900,0.971213
partition_1,mol1212,CCCCCn1c(=O)c2c(=O)c3c(=O)n(CCCCC)c(=O)c3c2c1=O,3,2,0.807000,0.291400,0.515600,0.006410
partition_1,mol1213,Cn1c2nc3ccccc3nc2c2sc3ccccc3c21,3,2,2.752500,2.147200,0.605300,0.099608
partition_1,mol1214,CCCCn1c(-c2sc3scc(-c4ccc(C#N)cc4)c3c2N2CCCCC2)nc2c(sc3ccccc32)c1=O,3,2,3.560000,2.967700,0.592300,0.356055
partition_1,mol1215,COc1cc2cc3cc(OC)c(-c4ccc([N+](=O)[O-])cc4)cc3cc2cc1OC,3,2,3.215000,2.344900,0.870100,0.093166
partition_1,mol1216,c1ccc2cc3ccccc3cc2c1,3,2,3.515900,2.337800,1.178100,0.198069
partition_1,mol1217,CCCCN1c2ccccc2C(C)(C)C12C=Cc1c2c2ccc(OC)cc2c2cc3ccccc3cc12,3,2,3.011700,2.317300,0.694400,0.000845
partition_1,mol1218,CC(C)n1c(=O)c2cc3cc4cc5c(=O)n(C(C)C)c(=O)c5cc4cc3cc2c1=O,3,2,3.347200,2.503200,0.844000,0.074135
partition_1,mol1219,CCCCCCCCCN1c2ccccc2C(C)(C)C12C=Cc1cc3ccccc3c(-c3nc(-c4ccccc4)c(-c4ccccc4)o3)c1O2,3,2,3.442800,2.877100,0.565700,0.261147
partition_1,mol1220,CNc1cc2ccccc2c2ccccc12,3,3,3.554400,2.808500,0.745900,0.080951
partition_1,mol1221,CCCC(=O)c1c2ccccc2cc2ccccc12,3,3,3.425000,2.310600,1.114400,0.219595
partition_1,mol1222,COC(=O)c1ccc(-n2cnnn2)cc1,3,3,4.561600,3.858800,0.702800,0.026825
partition_1,mol1223,COC(=O)c1c2ccccc2cc2ccccc12,3,3,3.397400,2.269700,1.127700,0.227694
partition_1,mol1224,CC1CC(=O)C2=C(C1)Oc1ccc3ccccc3c1N2,3,3,1.911700,1.269200,0.642500,0.010681
partition_1,mol1225,C[Si]1c2cc3c(cc2[Si]1(C)C)[se]c1cc2c(cc13)[Si](C)(C)O[Si]2(C)C,3,3,3.718900,3.718900,0.000000,0.000008
partition_1,mol1226,O=[C]([Cd])c1c2ccccc2cc2ccccc12,3,3,0.456800,0.456800,0.000000,0.027958
partition_1,mol1227,CC(=O)c1c2ccccc2nc2ccccc12,3,3,3.553100,2.517600,1.035500,0.195125
partition_1,mol1228,CCCCCCn1c2ccc(/C=C(\C#N)C(=O)O)cc2c2cc3c(cc21)c1ccccc1n3-c1ccccc1,3,3,3.012600,2.220000,0.792600,0.732817
partition_1,mol1229,Cc1cc(C#N)c2ccccc2c1,3,3,4.124400,3.164900,0.959500,0.073141
partition_1,mol1230,COc1ccc2ccc3cccc4ccc1c2c34,3,3,3.662400,2.590000,1.072400,0.248328
partition_1,mol1231,CCCCCCCCNc1ccc(/N=N/c2ccccc2)cc1,3,3,1.532400,1.537400,-0.005000,0.023402
partition_1,mol1232,CC(C)NC(=O)c1cc2ccccc2c2cc3ccccc3cc12,3,3,3.614500,2.677900,0.936600,0.072842
partition_1,mol1233,CN1CCCC1,3,3,5.410900,5.381500,0.029400,0.026089
partition_1,mol1234,COC(=O)c1ccc2c(-c3ccccc3)c3ccccc3nc2c1,3,3,3.381300,2.433800,0.947500,0.254829
partition_1,mol1235,CCn1c(C(=O)OC)c(C(=O)OC)c2cc(O)ccc21,3,3,3.944600,3.123500,0.821100,0.238190
partition_1,mol1237,COc1ccc2nc3ccc(OC)cc3cc2c1,3,3,3.386800,2.409200,0.977600,0.126797
partition_1,mol1238,Cc1c2ccccc2cc2ccccc12,3,3,3.407600,2.253100,1.154500,0.226829
partition_1,mol1239,CN1CCN(/N=C\c2c3ccccc3cc3ccccc23)CC1,3,3,2.911300,1.883300,1.028000,0.633346
partition_1,mol1240,CCCCCCCCCCCCCCCN1/C(=C/C2C(=O)C(=CC3=[N+](CCCCCCCCCCCC)c4ccccc4C3(C)C)C2[O-])C(C)(C)c2ccccc21,3,3,0.148200,0.325800,-0.177600,0.006189
partition_1,mol1241,COc1ccc2c(-c3ccccc3)c3cc(OC)c(-c4ccccc4)cc3c(-c3ccccc3)c2c1,3,3,3.035500,2.175100,0.860400,0.302489
partition_1,mol1242,CCCCCCCCOc1ccc(-c2cn3ccccc3n2)cc1,3,3,3.852100,3.244200,0.607900,0.266945
partition_1,mol1243,C[Si]1c2cc3c1c1ccccc1cc3cc2C(=O)c1ccc(Cl)cc1,3,3,1.961200,1.961200,0.000000,0.034893
partition_1,mol1244,CC[C@H](CO)Nc1c2ccccc2nc2ccccc12,3,3,3.110700,2.096500,1.014200,0.300358
partition_1,mol1245,Fc1ccc2c3ccccc3c3cc4c(cc3c2c1)oc1ccccc14,3,3,3.798200,3.585300,0.212900,0.014017
partition_1,mol1246,O=CNc1c2ccccc2nc2ccccc12,3,3,3.337600,2.367500,0.970100,0.085729
partition_1,mol1247,[CH]1CN(Cc2c3ccccc3cc3ccccc23)C[C@H]1CNc1ccc2cc3ccccc3cc2c1,3,3,2.254300,2.254300,0.000000,0.000829
partition_1,mol1248,COc1cc2ccccc2c2c1OC(C)(C)C2,3,3,3.827600,3.187000,0.640600,0.083350
partition_1,mol1249,Brc1ccc2cc3ccccc3cc2c1,3,3,3.495600,2.336700,1.158900,0.193184
partition_1,mol1250,N#Cc1cc(-n2c3ccccc3c3ccccc32)cc(-n2c3ccccc3c3ccccc32)c1,3,3,3.842600,3.470500,0.372100,0.268221
partition_1,mol1251,O=C1[Se][C@]23C1=C[C@H](c1ccccc12)c1ccccc13,3,3,3.501400,3.024500,0.476900,0.087299
partition_1,mol1252,Fc1c2ccccc2nc2ccccc12,3,3,3.597700,2.513900,1.083800,0.191404
partition_1,mol1253,CC(=O)c1ccc2cc3ccccc3cc2c1,3,3,3.254100,2.231800,1.022300,0.142720
partition_1,mol1254,CN1CCC1c1c[nH]c2ccccc12,3,3,4.472400,3.674900,0.797500,0.104928
partition_1,mol1255,CC(C)Cc1c2ccccc2c(CC(C)C)c2ccccc12,3,3,3.278000,2.217200,1.060800,0.261487
partition_1,mol1256,CC(=O)c1ccc(-n2c3ccccc3c3cc(-c4ccc(C(C)(C)C)cc4)ccc32)cc1,3,3,3.694200,3.246800,0.447400,0.566244
partition_1,mol1257,COC(=O)c1c2ccccc2c(C)c2cc3ccccc3cc12,3,3,2.684400,1.562600,1.121800,0.253648
partition_1,mol1258,Cc1cc2ccccc2c2c1OC1(N3CCCC3)C(=O)c3ccccc3-c3cc([N+](=O)[O-])cc1c3-2,3,3,2.112900,1.522500,0.590400,0.287418
partition_1,mol1259,COc1cc(-c2ccc(-n3c(-c4ccccc4)nnc3-c3ccccc3)cc2)cc(-n2c(-c3ccccc3)nnc2-c2ccccc2)c1,3,3,4.484800,4.047200,0.437600,0.096375
partition_1,mol1260,c1ccc2nc3cc4c(cc3nc2c1)CCN4,3,3,2.878600,2.093100,0.785500,0.243386
partition_1,mol1261,CCc1ccc2ccc(N(C)C)cc2c1,3,3,3.294500,2.615600,0.678900,0.112513
partition_1,mol1262,CCOc1ccc(-c2cc(-c3ccccc3)nc(N3CCCCC3)c2C#N)cc1OC,3,3,3.323900,2.708100,0.615800,0.257971
partition_1,mol1263,CCc1cc2ccccc2c2c1-c1cccc3cccc-2c13,3,3,2.774100,2.380300,0.393800,0.029108
partition_1,mol1264,C[C]1Cc2cc3ccccc3cc2C1,3,3,3.450300,3.450300,0.000000,0.000282
partition_1,mol1265,Cc1cc2ccccc2c2c1CCc1ccc(c3nsnc13)CC2,3,3,3.284300,2.185900,1.098400,0.161987
partition_1,mol1266,CCCOc1ccc(OCC)cc1-c1cn2ccccc2n1,3,3,3.794500,3.184400,0.610100,0.341310
partition_1,mol1267,CC1(C)c2ccccc2-c2ccc(-c3nc(-c4ccccc4)c(-c4ccccc4)[nH]3)cc21,3,3,3.839000,3.116600,0.722400,1.681454
partition_1,mol1268,O=C[C@@H](O)[CH]O,3,3,1.097700,1.097700,0.000000,0.004480
partition_1,mol1269,CCCCCCCn1c(=O)c2cc3cc4ccc5cc6c(=O)n(CCCCCCC)c(=O)c6cc5c4cc3cc2c1=O,3,3,3.325600,2.652900,0.672700,0.039101
partition_1,mol1270,COc1ccc2c(ccc3cc4ccccc4cc32)c1,3,3,3.538200,2.672200,0.866000,0.055798
partition_1,mol1271,CC(C)NC(=O)c1ccc2cc3ccccc3cc2c1,3,3,3.432900,2.319100,1.113800,0.176806
partition_1,mol1272,COc1cc2c3c(c1)c(=O)n(C)c(=O)n3C(=O)C2=O,3,3,2.354300,1.912500,0.441800,0.033252
partition_1,mol1273,CCOC(=O)c1ccc2nc3cc([N+](=O)[O-])ccc3c(N)c2c1,3,3,2.544400,1.776000,0.768400,0.139455
partition_1,mol1274,CCc1ccc2ccccc2c1,3,3,4.232600,3.436900,0.795700,0.004728
partition_1,mol1275,Cc1c2ccccc2nc2ccccc12,3,3,3.550800,2.463600,1.087200,0.217534
partition_1,mol1276,COc1ccc(-c2c(C#N)c(N)nc(N)c2C#N)cc1OC,3,3,3.925100,3.232300,0.692800,0.212047
partition_1,mol1277,Cc1cc2cc3ccccc3cc2cc1C,3,3,3.472900,2.336900,1.136000,0.182727
partition_1,mol1278,Cc1ccc2cc3cc(C)c([SiH])cc3cc2c1,3,3,1.888200,1.861700,0.026500,0.057396
partition_1,mol1279,COC(=O)c1ccc2cc3ccccc3cc2c1,3,3,3.361100,2.279200,1.081900,0.157639
partition_1,mol1280,Oc1ccc2c(c1)CCC1=CO[B-](F)(F)[O+]=C12,3,3,3.376600,2.253800,1.122800,0.776018
partition_1,mol1281,CCCCCCCCCCCCCCCCCCOc1ccc([B-]23OC(c4ccccc4)=N[N+]2=Cc2c(ccc4ccccc24)O3)cc1,3,3,2.706700,1.944800,0.761900,0.557501
partition_1,mol1282,COC(=O)[C@@H](Cc1ccc2cc3ccccc3cc2c1)NC(=O)OC(C)(C)C,3,3,3.435500,2.338600,1.096900,0.193684
partition_1,mol1283,COc1cc(-c2ccccc2)cc2c(C)cccc12,3,3,3.996500,3.104700,0.891800,0.127485
partition_1,mol1284,BrC1=CC2=CC=CC2=C1,3,3,0.599300,0.201200,0.398100,0.000118
partition_1,mol1285,Cc1cc(C)c(B(C2=CC(O)=C3C=CC=C23)c2c(C)cc(C)cc2C)c(C)c1,3,3,0.615900,0.275500,0.340400,0.000319
partition_1,mol1286,Cc1cc2ccccc2c2c1CCc1ccc(c3cnsc13)CC2,3,3,3.570700,2.648500,0.922200,0.106924
partition_1,mol1287,OC[C@H]1O[CH][C@@H]1O,3,3,4.552500,4.552500,0.000000,0.005893
partition_1,mol1288,Cc1cc2cc3c(cc2n1-c1ccccc1)C(=O)N(c1ccccc1)C3=O,3,3,3.320600,2.992000,0.328600,0.050666
partition_1,mol1289,CCCCCOc1ccc(/C=C/C(=O)c2c3ccccc3cc3ccccc23)cc1OC,3,3,3.082600,2.224300,0.858300,0.513267
partition_1,mol1290,CCCCCCCCCCCCCN1C(=O)c2cc3ccccc3cc2C1=O,3,3,3.699800,3.450700,0.249100,0.041450
partition_1,mol1291,CCCCCCCCCCCCCOC(=O)c1c2ccccc2cc2ccccc12,3,3,3.335900,2.260700,1.075200,0.229048
partition_1,mol1292,N#CC(=O)C#N,3,3,3.788900,3.788900,0.000000,0.000000
partition_1,mol1293,COc1cc(C(C)=O)c(OC(C)=O)cc1C(C)=O,3,3,3.553500,2.928000,0.625500,0.153592
partition_1,mol1294,CNc1nc2ccccc2n1CCN1CCOCC1,3,3,4.416100,3.784500,0.631600,0.202787
partition_1,mol1295,COC(=O)c1ccc(-c2cccc3nc4ccccc4nc23)cc1,3,3,2.829500,2.485800,0.343700,0.006303
partition_1,mol1296,Cc1ccc(-c2cc(C)c3c(n2)c(-c2cccc(C)c2)nn3-c2ccccc2)cc1,3,3,3.731400,2.997000,0.734400,0.511254
partition_1,mol1297,CC(C)(C)c1ccc2c(c1)c1cc(C(C)(C)C)ccc1n2-c1cc2nc3c4ccccc4c4ccccc4c3nc2cc1C=O,3,3,2.943900,2.661300,0.282600,0.078198
partition_1,mol1298,[W][c]1cccc2c1Nc1ccccc1S2,3,3,0.207300,0.207300,0.000000,0.000058
partition_1,mol1299,CN(C)Cc1nc(N2CCOCC2)c2ccccc2n1,3,3,3.770900,2.990300,0.780600,0.301880
partition_1,mol1300,O=c1c2ccc3ccc4cccc(c1c32)n1c2cccc3cccc(c5ccccc5c41)c32,3,3,1.791300,1.239600,0.551700,0.060269
partition_1,mol1301,COC(=O)c1cc(-n2cnc3ccccc32)nc2c1ccc1ccccc12,3,3,3.619200,3.091100,0.528100,0.277039
partition_1,mol1302,Nc1nc2ccccc2c2cnccc12,3,4,3.840600,3.051600,0.789000,0.212675
partition_1,mol1303,O=S(=O)(O)c1ccc2oc3c(S(=O)(=O)O)cccc3c2c1,3,4,4.391700,4.051900,0.339800,0.025956
partition_1,mol1304,CCCCCCC1C(=O)N(C)C(C)=C1C(=O)OC,3,4,3.941100,2.786600,1.154500,0.448678
partition_1,mol1305,O=C1C=CC=C1,3,4,1.858500,1.247900,0.610600,0.007343
partition_1,mol1306,COC(=O)CN(C=O)Cc1c(C)[nH]c2ccccc12,3,4,4.453200,3.653400,0.799800,0.117828
partition_1,mol1307,CN(Cc1ccccc1)c1ccccc1,3,4,4.023400,3.420300,0.603100,0.076097
partition_1,mol1308,CCCCCOS(=O)(=O)c1ccc2ccc3c(S(=O)(=O)O)cc(S(=O)(=O)O)c4ccc1c2c34,3,4,3.650300,2.734400,0.915900,0.000116
partition_1,mol1309,Cc1nn(-c2ccc(N(C)C)cc2)c(C)c1C#N,3,4,3.899500,3.286500,0.613000,0.076599
partition_1,mol1310,O=C1CC(=O)c2c(F)c(F)c(F)c(F)c2N1,3,4,3.585300,3.150500,0.434800,0.040898
partition_1,mol1311,C1=N/C(=C/c2ccccc2)CN1c1ccccc1,3,4,3.528200,2.448800,1.079400,1.372963
partition_1,mol1312,CCc1nnc(NCc2ccccn2)s1,3,4,4.886500,3.968500,0.918000,0.416266
partition_1,mol1313,O=C(F)F,3,4,7.811200,7.811200,0.000000,0.000000
partition_1,mol1314,CCCOCOCCOCCCC(=O)OCCO,3,4,6.051100,6.055700,-0.004600,0.005380
partition_1,mol1315,O=C1CCc2ccc(O)cc21,3,4,3.833800,3.239900,0.593900,0.000178
partition_1,mol1316,O=CNC(C(=O)O)c1ccc(Cl)cc1Cl,3,4,4.962400,4.911300,0.051100,0.000833
partition_1,mol1317,COC(COCCOCCCCCCl)OCCOCCCC(C)C,3,4,6.839500,6.831800,0.007700,0.028324
partition_1,mol1318,C[C@@H]1[C@H]2CC=C3[C@@H](C)[C@H](N(C)C)CC[C@@]3(C)[C@H]2C[C@]2(C)[CH]C[C@@H]12,3,4,5.051700,5.051700,0.000000,0.000005
partition_1,mol1319,Cn1c2ccccc2c2c3c(ccc4[nH]c5ccccc5c43)ccc21,3,4,3.486900,3.116800,0.370100,0.122946
partition_1,mol1320,Cc1coc2ccc(-c3ccc(-n4c5ccccc5c5ccccc54)cc3)cc12,3,4,3.868000,3.394200,0.473800,0.288938
partition_1,mol1321,CC(=O)c1cc(-c2ccc(-n3c4ccccc4c4ccccc43)cc2)n[nH]1,3,4,3.861300,3.394300,0.467000,0.338830
partition_1,mol1322,CCCCCCCCCCOC(=O)c1ccccc1F,3,4,4.674700,4.380300,0.294400,0.025837
partition_1,mol1323,COC(=O)c1ccc2[nH]c3ccccc3c(=O)c2c1O,3,4,3.681700,2.966800,0.714900,0.198227
partition_1,mol1324,COc1ccccc1-n1c(-c2ccccc2)nc2ccccc2c1=O,3,4,4.284000,3.726000,0.558000,0.127249
partition_1,mol1325,CC(=O)NC(=O)OCc1ccc2nc(N)sc2c1,3,4,4.319500,3.660100,0.659400,0.178000
partition_1,mol1326,CCCCCCC(=O)N1C(=O)c2ccccc2C1=O,3,4,3.749300,3.476900,0.272400,0.000755
partition_1,mol1327,COc1ccc2oc(=O)cc(C)c2c1,3,4,3.645600,2.848100,0.797500,0.171622
partition_1,mol1328,CC1(C)C=CN(c2ccc3c(c2)C2(C(C#N)=Cc4ccccc42)c2ccccc2-3)c2ccccc21,3,4,3.517900,3.123600,0.394300,0.620936
partition_1,mol1329,CN(C)c1ccc(-c2ccncn2)cc1,3,4,3.835500,2.804100,1.031400,1.091330
partition_1,mol1330,FC1=CC=C2C=CC=C12,3,4,0.524900,0.189700,0.335200,0.000068
partition_1,mol1331,CC1=Cc2ccccc2OCC1,3,4,4.280400,3.489000,0.791400,0.175163
partition_1,mol1332,CC(C)(C)NC(=O)c1cccc2c(F)cc3c(=O)[nH]c4ccccc4c3c12,3,4,3.487900,2.809100,0.678800,0.293744
partition_1,mol1333,CCCCCCCCCc1ccc(O)c(/N=N/c2c(Cl)cc(OC)cc2C(=O)O)c1,3,4,2.035500,1.762400,0.273100,0.019994
partition_1,mol1334,[CH]CN1Cc2ccccc2C1,3,4,4.265200,3.876800,0.388400,0.008645
partition_1,mol1335,[Sn][CH2]Cc1ccc(-n2cnc3ccccc32)cc1,3,4,0.487400,0.487400,0.000000,0.000003
partition_1,mol1336,CC1=CC(C)=[N+]2C1=C(C)c1ccc(C)n1[B-]2(F)F,3,4,2.882400,1.437500,1.444900,0.903860
partition_1,mol1337,O=C1Nc2ccccc2C1=O,3,4,2.341700,2.142300,0.199400,0.000301
partition_1,mol1338,COCCOCCOCCOCCOSc1cc(Cl)c(CNC(=O)c2ccc(OC)c(Cl)c2)cc1CNC(=O)c1cc(Cl)c(OC)cc1OC,3,4,4.287400,4.017900,0.269500,0.028285
partition_1,mol1339,CN(C)c1ccc([N+](=O)[O-])cn1,3,4,3.862900,2.655900,1.207000,0.781051
partition_1,mol1340,CCCCCCCN1c2ccccc2C(C)(C)C12C=Nc1cc(O)ccc1O2,3,4,3.321100,2.697200,0.623900,0.145566
partition_1,mol1341,COC(=O)CCCCN1CCc2cc3ccc4cc(N)ccc4c3cc21,3,4,3.428700,2.904500,0.524200,0.071607
partition_1,mol1342,COc1cc(-c2cc(-c3ccccn3)nc(-c3ccccn3)c2)cc(-c2cc(-c3ccccn3)nc(-c3ccccn3)c2)c1,3,4,4.229500,3.769000,0.460500,0.288345
partition_1,mol1343,CCN(CC)c1cccc(C)c1,3,4,3.942200,3.356400,0.585800,0.079875
partition_1,mol1344,CCCCCCCCCCCOc1cc(OCCCCC)c(OCCCCCCC)cc1C#Cc1ccc([N+](=O)[O-])cc1[N+](=O)[O-],3,4,2.738000,1.925200,0.812800,1.050304
partition_1,mol1345,O=[N+]([O-])C1=C2C=CC=C2C=C1,3,4,0.273300,1.731800,-1.458500,0.000111
partition_1,mol1346,CNC(=O)COc1ccc2c(=O)c3ccccc3[nH]c2c1,3,4,3.715800,2.942400,0.773400,0.170802
partition_1,mol1347,O=C1CCN1c1ccc(-c2nn(-c3ccccc3)c(=O)o2)cc1,3,4,3.942400,3.075900,0.866500,1.572784
partition_1,mol1348,C=C1CCC2=CC(=O)OC12,3,4,4.815000,4.273400,0.541600,0.016027
partition_1,mol1349,COC1=C2OC(=O)C=C2C=C1,3,4,1.160700,0.556600,0.604100,0.024188
partition_1,mol1350,c1cc[nH]c1,3,4,5.004000,4.944600,0.059400,0.000000
partition_1,mol1351,Oc1ccc2ccc(O)cc2c1,3,4,4.060300,3.288400,0.771900,0.036536
partition_1,mol1352,Cc1cc(-n2ccc3ccccc32)cc(-n2ccc3ccccc32)n1,3,4,4.193400,3.551800,0.641600,0.810567
partition_1,mol1353,CN1/C(=C/C(=O)/C=C/c2ccccc2)C(C)(C)c2cc(Br)ccc21,3,4,3.151600,2.275600,0.876000,1.243845
partition_1,mol1354,COC(=O)c1ccccc1OC,3,4,4.297200,3.624700,0.672500,0.138747
partition_1,mol1355,COc1cccc(-n2nc(C)cc2C)c1,3,4,4.578900,4.056000,0.522900,0.061658
partition_1,mol1356,CN(C)c1ccccc1C#N,3,4,3.558300,2.835000,0.723300,0.155731
partition_1,mol1357,O=C1Nc2c([nH]c(-c3ccccc3)c2-c2ccccc2)C1=O,3,4,2.365600,1.742100,0.623500,0.040130
partition_1,mol1358,[2H]C1=CC2=C(c3cccnc3)c3cc(I)cn3[B-](F)(F)[N+]2=C1C,3,4,2.877000,1.485000,1.392000,0.860230
partition_1,mol1359,C/C=C\CC,3,4,5.907200,5.373300,0.533900,0.013197
partition_1,mol1360,Nc1ccn([C@H]2O[C@@H](CO)[C@H](O)[C@H]2O)c(=O)n1,3,4,4.453900,3.617100,0.836800,0.191178
partition_1,mol1361,CCCCCCCCCN1CC(O)CC(NC(=O)CCCN2C(=O)C=CC2=O)C1=O,3,4,3.080600,2.649800,0.430800,0.008646
partition_1,mol1362,CCCCCCC#Cc1cc(OCCCCCCC)ccc1OCCC,3,4,4.071600,3.391300,0.680300,0.196427
partition_1,mol1363,CC1CCC(=C(C#N)C#N)C1,3,4,5.560600,3.788400,1.772200,0.742178
partition_1,mol1364,CCCn1c(NC)nc2cc(Cl)ccc21,3,4,4.377800,3.700700,0.677100,0.217419
partition_1,mol1365,CC(=O)NCc1cc(C2=NCCO2)ccc1O,3,4,4.556600,3.743200,0.813400,0.020650
partition_1,mol1366,N#Cc1cc(N2CCCC2)c(C#N)c2c1-c1ccccc1C2=O,3,4,2.014600,1.603600,0.411000,0.042789
partition_1,mol1367,CC1CCc2cc3ccccc3cc21,3,4,4.188400,3.464600,0.723800,0.007525
partition_1,mol1368,COC(=O)C1=C(c2ccccc2)NC(=O)NC1c1ccccc1Cl,3,4,4.058300,3.120000,0.938300,0.257669
partition_1,mol1369,C1=NCCN1,3,4,4.928100,4.601000,0.327100,0.001219
partition_1,mol1370,COCc1nc(-c2ccccc2)c(-c2ccccc2)o1,3,4,4.169600,3.236700,0.932900,0.664709
partition_1,mol1371,C=C1[C](C)C2CCC1C2,3,4,3.583600,3.583600,0.000000,0.031675
partition_1,mol1372,CCCCCCNCc1ccc(O)c(-c2nc3ccccc3s2)c1,3,4,3.862700,3.197900,0.664800,0.612509
partition_1,mol1373,CCCCCCN1C(=O)c2cc3ccccc3cc2C1=O,3,4,3.718600,3.447700,0.270900,0.044964
partition_1,mol1374,CC1(C)C(=O)NC(=O)NC1=O,3,4,5.629900,5.619900,0.010000,0.000107
partition_1,mol1375,Cc1cc2occ(C)c2o1,3,4,4.823600,3.398200,1.425400,0.615623
partition_1,mol1376,OC[C@H]1O[C@@H](O)[C@@H](O)[C@H]1O,3,4,6.681200,6.670600,0.010600,0.007272
partition_1,mol1377,CCN1C(=O)c2cccc3c(-c4ccc(S(=O)(=O)O)s4)ccc(c23)C1=O,4,0,3.349500,2.531100,0.818400,0.730005
partition_1,mol1378,F[B-]1(c2ccccc2)n2c(c3ccc(Cl)cc3c2-c2ccccc2)C=[N+]1c1ccc(Br)cc1,4,0,2.864300,1.814800,1.049500,1.261876
partition_1,mol1379,CN(C)c1ccc(/C=N/C(C#N)=C/N=C/c2ccc(C#N)cc2)cc1,4,0,3.043300,1.841000,1.202300,3.593663
partition_1,mol1380,CC1(C)OC(=O)c2ccc(N(c3ccccc3)c3ccc4ccccc4c3)c3cccc1c23,4,0,2.968000,2.319200,0.648800,0.658799
partition_1,mol1381,CCCCCCCOc1ccc(/C=C/c2cc(C)c3n2[B-](F)(F)[N+]2=CC=CC2=C3)cc1,4,0,2.802500,1.395300,1.407200,2.019286
partition_1,mol1383,CCOc1ccc(/C=C/c2cc(C)c3n2[B-](F)(F)[N+]2=CC=CC2=C3)cc1OCC,4,0,2.798400,1.394700,1.403700,2.129307
partition_1,mol1384,CCCCCCCCCCCCCCNc1ccc(/N=N/c2ccc(C#N)cc2)cc1,4,0,1.678600,1.673600,0.005000,0.049026
partition_1,mol1385,CCCCCc1cc(/C=C(\C#N)C(=O)O)sc1/C=C/c1ccc(N(c2ccccc2)c2ccccc2)cc1,4,0,2.744000,1.742400,1.001600,3.073226
partition_1,mol1386,CNc1ncnc2oc(/C=C/c3ccc(OC)cc3)cc12,4,0,3.634700,2.514900,1.119800,2.157330
partition_1,mol1387,CSc1nc2c(c(=O)[nH]1)C1(CCCC1)Cc1ccccc1-2,4,0,3.836600,2.882800,0.953800,0.274024
partition_1,mol1388,CCCCCCCCOc1cc(OC)c(/C=C/c2ccc(/C=C/c3ccncc3)cc2)cc1/C=C/c1ccncc1,4,0,3.273400,2.639000,0.634400,2.023373
partition_1,mol1389,COC(=O)/C=C/C1=CC2=C(c3c(C)cc(C)cc3C)c3cccn3[B-](F)(F)[N+]2=C1,4,0,2.807000,1.565900,1.241100,0.838677
partition_1,mol1390,CCCCCCOc1c(-c2ccc(N(c3ccccc3)c3ccccc3)cc2)c2ccccc2c2nc3cc4c(cc3nc12)C(=O)c1ccccc1C4=O,4,0,2.695000,2.225600,0.469400,0.186354
partition_1,mol1391,COC(=O)/C=C/C1=CC2=C(c3ccccc3)c3cc(/C=C/C(=O)OC)cn3[B-](F)(F)[N+]2=C1,4,0,2.650000,1.570400,1.079600,1.001362
partition_1,mol1392,F[B-]1(F)n2c(c(-c3ccccc3)c(-c3ccccc3)c2-c2ccccc2)N=C2C=C(c3ccccc3)C(c3ccccc3)=[N+]21,4,0,2.426500,1.132800,1.293700,1.166781
partition_1,mol1393,CC1CCN(CC#N)C1,4,0,5.322000,5.311300,0.010700,0.005173
partition_1,mol1394,CN(C)c1ccc(/N=C2\N=[C]([W])c3cccc4cccc2c34)cc1,4,0,0.155600,0.155600,0.000000,0.000419
partition_1,mol1395,C[Si](C)(C)c1ccc(-c2ccc(-c3ccc(-c4ccc(/C=C(\C#N)C(=O)O)s4)s3)s2)s1,4,0,2.721800,1.763600,0.958200,3.410799
partition_1,mol1396,CCCCCC[N+]1=C(C=C2C(=O)C(C=C3N(CCCC)c4ccccc4C3(C)C)=C2[O-])Cc2ccccc21,4,0,2.335600,0.955200,1.380400,2.509559
partition_1,mol1397,CCN1/C(=C\C2=C([O-])C(C)/C2=C/C2=[N+](CC)c3ccccc3C2(C)C)C(C)(C)c2ccccc21,4,0,2.436600,1.566500,0.870100,0.806418
partition_1,mol1398,CCCc1cc(-c2ccc(N3c4ccc(-c5ccc(OC)cc5)cc4C4C5CCC(C5)C43)cc2)sc1/C=C(\C#N)C(=O)O,4,0,2.788200,1.790600,0.997600,2.667846
partition_1,mol1399,CN(C)c1ccc(/C=C/C=C(C#N)/C=C/c2ccc(N(C)C)cc2)cc1,4,0,2.967400,1.828500,1.138900,4.148152
partition_1,mol1400,CN(C)c1ccc2c(/C=C/C=C/C=C3\N(CS(=O)(=O)O)c4ccc(S(=O)(=O)O)cc4C3(C)C)cc(=O)oc2c1,4,0,2.901300,1.937500,0.963800,2.371394
partition_1,mol1401,CCCCCCCNc1cc(Cl)c(/N=N/c2ccc([N+](=O)[O-])cc2C#N)c(Cl)c1,4,0,1.364000,1.266700,0.097300,0.063615
partition_1,mol1402,CCCCC(CC)CN1C(=O)C(C#N)=C(c2sc(-c3ccc4c(c3)Sc3cc(C=C(C#N)C(=O)O)ccc3N4C)cc2C)C1=O,4,0,2.240900,1.416900,0.824000,1.617581
partition_1,mol1403,CC1=N[N+]2C1=Nc1c3sc(-c4cccs4)cc3c(-c3cccs3)n1[B-]2(F)F,4,0,0.832400,0.832400,0.000000,0.049692
partition_1,mol1404,CN1C(=CC=C2C=C(c3ccccc3)OC(c3ccccc3)=C2)C(C)(C)c2ccccc21,4,0,2.620500,1.715500,0.905000,0.092718
partition_1,mol1405,CN1CCC1=O,4,0,5.782100,5.255100,0.527000,0.019304
partition_1,mol1406,COCCN1c2ccccc2Sc2cc(/C=C(/C#N)C(=O)O)ccc21,4,0,2.420500,1.675700,0.744800,0.587899
partition_1,mol1407,CN(C)c1ccc(C2=C3C=CC=[N+]3[B-](F)(F)n3c2ccc3C(F)(F)F)cc1,4,0,2.434800,1.429900,1.004900,0.042603
partition_1,mol1408,CCCNC(=O)/C(C#N)=C/c1c2ccccc2cc2ccccc12,4,0,2.870000,1.994100,0.875900,0.375601
partition_1,mol1409,CCCOc1ccc(-c2ccc3c(c2)Sc2cc(C=C(C#N)C(=O)O)ccc2N3CC)cc1,4,0,2.349300,1.616500,0.732800,0.655656
partition_1,mol1410,[C-]#[N+]c1ccc(N(C)CC)c2nonc12,4,0,2.521600,1.509100,1.012500,0.298805
partition_1,mol1411,CCCN1C(=O)c2ccc3cc(-c4ccc(N(c5ccccc5)c5ccccc5)cc4)c(OC)cc3c2C1=O,4,0,2.730400,2.295700,0.434700,0.040832
partition_1,mol1412,CN1CCN(/N=C/c2c3ccccc3cc3ccccc23)CC1,4,0,2.923600,1.902200,1.021400,0.626017
partition_1,mol1413,CCN(C)c1ccc2c3c(ccc(-c4ccc(S(C)(=O)=O)cc4)c13)C(=O)N(CCCCCC(=O)O)C2=O,4,0,2.646400,1.819000,0.827400,0.390410
partition_1,mol1414,CCCCCCCCCCCOc1cc(C2=C3C(=O)NC(c4ccc(OCCCCCCCCCCC)c(OCCCCCCCCCCC)c4)=C3C(=O)N2)ccc1OCCCCCCC,4,0,2.642600,1.440800,1.201800,1.128502
partition_1,mol1415,CCCOc1ccc(-c2c3ccc(=[NH2+])c(S(=O)(=O)O)c-3oc3c(S(=O)(=O)[O-])c(N)ccc23)cc1,4,0,2.754900,1.823200,0.931700,0.524261
partition_1,mol1416,CCCCCCCN(C)c1ccc(/C=C(\C#N)c2ccc(/C=C3\SC(=S)N(CC(=O)O)C3=O)s2)cc1,4,0,2.707900,1.667200,1.040700,3.357656
partition_1,mol1417,CCCCCCN1C(=CC2=C([O-])C(=CC3=[N+](CCCCC)c4ccc(C(=O)O)cc4C3(C)C)C2=O)C(C)(C)c2ccccc21,4,0,2.367100,1.023300,1.343800,3.045469
partition_1,mol1418,CCCCOc1ccc2c(c1)C(=O)c1ccccc1C2=O,4,0,2.926900,2.498400,0.428500,0.000096
partition_1,mol1419,CCCCCCCCCCCCN(CCCCCCC)c1ccc(/C=C/c2cc[n+](CCCS(=O)(=O)[O-])cc2)cc1,4,0,3.072300,1.905100,1.167200,2.341488
partition_1,mol1420,CC1=[N+]2C(=Nc3c(-c4ccccc4)cc(-c4cccs4)n3[B-]2(F)F)C=C1c1cccs1,4,0,2.229500,1.058600,1.170900,0.745396
partition_1,mol1421,CCN(C)c1ccc2c(/C=C/C=C/C=C3/C=C(Sc4ccccc4)c4ccccc4S3)cccc2c1,4,0,2.785300,1.708200,1.077100,2.212087
partition_1,mol1422,F[B-]1(F)n2c(ccc2-c2ccccc2)C(N2CCOCC2)=C2C=CC=[N+]21,4,0,2.933300,2.065700,0.867600,0.787889
partition_1,mol1423,CC1=C(C#Cc2ccsc2)SC2=C(S1)SC(=C(C#N)C#N)S2,4,0,3.438700,2.582500,0.856200,0.508574
partition_1,mol1424,Cc1ccccc1C1=C2C=C(S(C)(=O)=O)C(S(C)(=O)=O)=[N+]2[B-](F)(F)n2c1ccc2S(C)(=O)=O,4,0,2.712500,1.508400,1.204100,0.901638
partition_1,mol1425,CCc1c(C=O)c2ccccn2c1-c1cccs1,4,0,3.380400,2.681300,0.699100,0.131156
partition_1,mol1426,CCCCc1cc2c3cc(/C=C(\C#N)C(=O)O)sc3c3nc(N4CCOCC4)c(CC)nc3c2s1,4,0,2.743600,2.192900,0.550700,0.123590
partition_1,mol1427,CCN(CC)c1ccc(/N=N/c2ccc([N+](=O)[O-])cc2[N+](=O)[O-])cc1,4,0,1.525600,1.460000,0.065600,0.024137
partition_1,mol1428,CN(CCNc1cccc2c1C(=O)N(CCN1CCOCC1)C2=O)CCN(C)N=O,4,0,2.615300,2.093800,0.521500,0.100511
partition_1,mol1429,CCCCCCCCCCCn1c2ccccc2c2cc(-c3ccc(C=C(C#N)C#N)o3)ccc21,4,0,2.978800,1.897100,1.081700,1.115545
partition_1,mol1430,CCn1c2ccc(-c3nc4c5cccnc5c5ncccc5c4[nH]3)cc2c2cc(-c3ccc(/C=C(/C#N)C(=O)O)o3)ccc21,4,0,3.011700,1.945200,1.066500,0.882325
partition_1,mol1431,CCN(C)c1ccc2c(-c3ccccc3C(=O)N(C)CCCC(=O)[O-])c3ccc(=[N+](CC)CC)cc-3oc2c1,4,0,2.725400,1.902800,0.822600,0.697175
partition_1,mol1432,O=[N+]([O-])c1ccc(/C=C/c2ccc(/C=C/c3ccc(/C=C/c4ccc([N+](=O)[O-])cc4)cc3)cc2)cc1,4,0,3.146800,2.469500,0.677300,4.880934
partition_1,mol1433,COc1ccccc1/C=C/c1cc(C)c2n1[B-](F)(F)[N+]1=CC=CC1=C2,4,0,2.790000,1.386300,1.403700,1.944552
partition_1,mol1434,CC1=CC2=C(c3ccc(C(=O)O)cc3)c3ccc(N(C)C)c[c]3[Ge]([CH3])([CH3])[C]2=[SH]1=O,4,0,1.244500,0.990500,0.254000,0.048499
partition_1,mol1435,COc1cc2sc3cc(Cl)ccc3[nH]c2c2c(=O)c3ccccc3c(=O)c12,4,0,2.115100,0.945800,1.169300,0.771810
partition_1,mol1436,CCCCN(/N=C/c1ccc(C#Cc2ccc3c4c(cccc24)C(=O)OC3=O)cc1)c1ccccc1,4,0,2.989700,2.223200,0.766500,2.771466
partition_1,mol1437,CCCCCOc1ccc(-c2cnc(-c3ccc(-c4ccc(C=C(C#N)C(=O)O)s4)s3)s2)cc1,4,0,2.831300,1.856000,0.975300,3.238349
partition_1,mol1438,COC(=O)/C=C/C1=[N+]2C(=C(c3ccccc3)c3cccn3[B-]2(F)F)C=C1,4,0,2.838700,1.484100,1.354600,1.204706
partition_1,mol1439,O=[N+]([O-])c1ccc(Nc2ccc(/N=N/c3ccccc3)cc2)cc1,4,0,1.534300,1.481500,0.052800,0.052511
partition_1,mol1440,CCCCCCCCCCc1csc(-c2ccc(-c3sc(-c4cccs4)cc3CCC)s2)c1,4,0,3.132500,2.197200,0.935300,2.293575
partition_1,mol1441,O=C(O)c1ccc(S(=O)(=O)O)cc1,4,0,4.812400,4.499000,0.313400,0.023371
partition_1,mol1442,N#CC(C#N)=C(C#N)c1ccc(N(c2ccccc2)c2ccccc2)cc1,4,0,2.816700,1.601900,1.214800,1.745399
partition_1,mol1443,C[Si](C)(F)c1ccc2c(C#Cc3ccccc3)c3ccccc3c(C#Cc3ccccc3)c2c1,4,0,2.909500,1.912900,0.996600,1.542690
partition_1,mol1444,[Li][O]S(=O)(=O)c1cc(N)c2c(/N=N/c3ccccc3)cc(S(=O)(=O)[O][Li])cc2c1,4,0,1.546200,1.236300,0.309900,0.093778
partition_1,mol1445,CCn1ccc2c3c4[nH]cc5cc(N(C)C)cc(ccc-3c3c(N(C)C)cc(c1=O)=c3c2=O)c54,4,0,0.712700,0.256300,0.456400,0.028774
partition_1,mol1446,CCCCCCCCCCOc1ccc(-c2ccc3c(c2)Sc2cc(-c4ccc(OCCCCC)c5nsnc45)ccc2N3c2ccc(C(=O)O)cc2)cc1,4,0,3.551200,2.672400,0.878800,1.135938
partition_1,mol1447,CN(c1ccccc1)c1ccc(/C(=C2\C=CC(=O)C(/C=C/c3ccc(N(c4ccccc4)c4ccccc4)cc3)=C2)c2ccccc2)cc1,4,0,2.054600,1.435800,0.618800,0.075106
partition_1,mol1448,F[B-]1(F)n2c(cc3c4ccccc4c4ccccc4c32)C(c2ccccc2)=C2C=CC(c3ccccc3)=[N+]21,4,0,2.599900,1.506000,1.093900,1.233391
partition_1,mol1449,CC(/C=N/c1ccc(C)cc1)=C\C=N\c1ccc(N(C)C)cc1,4,0,2.882100,1.886800,0.995300,2.054724
partition_1,mol1450,CCC[B-]1(OC(C)=O)OC(/C=C/c2ccc3cc(OC)ccc3c2)=CC(/C=C/c2ccc3cc(OC)ccc3c2)=[O+]1,4,0,2.949100,2.150000,0.799100,3.180635
partition_1,mol1451,CCCCCCCCCN1C(=O)c2cccc3c2c(c(N)c2cc4ccccc4nc23)C1=O,4,0,3.170400,2.279700,0.890700,0.232865
partition_1,mol1452,Cc1ccc(C2=C3C=CC=[N+]3[B-](F)(F)n3c2ccc3N2CCCC2)cc1,4,0,2.829200,1.341800,1.487400,1.191710
partition_1,mol1453,CCCCCCCn1c2ccc(-c3ccc(/C=C(/C#N)C(=O)O)o3)cc2c2cc3c(cc21)c1ccccc1n3CCC,4,0,3.011900,1.935100,1.076800,2.339177
partition_1,mol1454,Clc1ccc(/C=N/c2ccc(/N=N/c3ccccc3)cc2)s1,4,0,1.493500,1.423600,0.069900,0.066018
partition_1,mol1455,COCCOCCN1C(=O)c2cccc3c(-c4ccc(N(c5ccccc5)c5ccccc5)cc4)ccc(c23)C1=O,4,1,3.072800,2.534800,0.538000,1.020524
partition_1,mol1456,CCCCCOc1ccc2c(-c3ccc(N(c4ccccc4)c4ccccc4)cc3)cc3c(OC)ccc4ccc1c2c43,4,1,3.470600,2.449600,1.021000,0.512104
partition_1,mol1457,CCCCCCCCCCCOc1cc(/C=C/c2ccc(C=O)cc2)c(OCCCCCCCCC)cc1/C=C/c1ccc(C=O)cc1,4,1,3.011200,2.275800,0.735400,2.076661
partition_1,mol1458,CCn1c(-c2ccc(-c3nnc(-c4ccc(-c5cc6ccccc6c6ccccc56)s4)o3)s2)cc2ccccc21,4,1,3.205200,2.518200,0.687000,2.033198
partition_1,mol1459,CCCn1cc(/C=C(\C#N)c2ccc(C=C(C#N)C(=O)O)s2)c2cc(OC)ccc21,4,1,2.755100,1.703500,1.051600,2.174124
partition_1,mol1460,CN(C)c1ccc2c(c1)O[B-](F)(F)[N+](c1ccccc1)=C2,4,1,3.413600,2.259500,1.154100,1.529023
partition_1,mol1461,COc1cc2nc(/C=C/c3ccccc3)c(/C=C/c3ccccc3)nc2cc1OC,4,1,3.400300,2.676000,0.724300,0.602555
partition_1,mol1462,CCCCCCCCCN(C)c1ccc(S(=O)(=O)O)cc1NC(=O)c1cc(/N=N/c2ccc(O)cc2Cl)c2ccccc2c1O,4,1,1.988900,1.686200,0.302700,0.103149
partition_1,mol1463,CCCCCCCN1C(=O)c2ccc(-c3ccc(-c4ccc(-c5ccc6c7c(cccc57)C(=O)N(CCCCC)C6=O)s4)s3)cc2C1=O,4,1,2.834400,2.198000,0.636400,2.129611
partition_1,mol1464,COCOCOc1cc(COCOC)c(C#Cc2ccc(C(=O)O)cc2)cc1C#Cc1ccc(C(=O)O)cc1,4,1,4.035000,3.342900,0.692100,1.178982
partition_1,mol1465,Oc1cc(Cl)cc(/N=N/c2cccc3ccccc23)c1O,4,1,1.720900,1.586600,0.134300,0.030209
partition_1,mol1466,F[B-]1(F)n2c(cc(Cl)c2-c2ccccc2)C(c2ccccc2)=C2C=CC(Cl)=[N+]21,4,1,2.779100,1.483700,1.295400,1.032309
partition_1,mol1467,COc1ccc(/C=C/C2=CC(/C=C/c3ccc(OC)c(OC)c3)=[O+][B-](F)(F)O2)cc1OC,4,1,2.753200,1.938800,0.814400,2.713986
partition_1,mol1468,CCCCCCCCn1c(-c2cccs2)nc2c(-c3cccs3)sc(-c3cccs3)c21,4,1,2.969100,1.816400,1.152700,1.184904
partition_1,mol1469,CCCCCCCN1c2ccccc2Sc2cc(/C=C(/C#N)C(=O)O)ccc21,4,1,2.380200,1.630400,0.749800,0.604681
partition_1,mol1470,CC(=O)c1c(C)c2cc(C)c(OCc3ccccc3)cc2oc1=O,4,1,3.768400,2.838700,0.929700,0.590303
partition_1,mol1471,CN1C(=O)/C(=C/c2c3ccccc3cc3ccccc23)SC1=S,4,1,2.824800,1.960400,0.864400,0.654950
partition_1,mol1472,CCCCCCCN1C(=O)c2cccc3c(-c4ccc(C#N)c5ccccc45)ccc(c23)C1=O,4,1,3.735600,2.779800,0.955800,0.763994
partition_1,mol1473,CCCNC(=CC1=CC2=C(c3ccccc3)c3cc(/C=C/C(=O)OC(C)(C)C)cn3[B-](F)(F)[N+]2=C1)OC(C)(C)C,4,1,2.134500,1.526300,0.608200,0.103836
partition_1,mol1474,O=c1cc(-c2ccc(O[C@@H]3O[CH][C@H](O)[C@@H](O)[C@@H]3O)cc2)c2ccc3ccccc3c2o1,4,1,3.060900,3.060900,0.000000,0.019800
partition_1,mol1475,CCCCCCCCCCCCCNc1ccc(/N=N/c2ccc(C#N)cc2)cc1,4,1,1.369000,1.368700,0.000300,0.040304
partition_1,mol1476,COC(=O)C1=C(c2ccccc2)NC2=C(C(=O)CCC2)C1c1cccs1,4,1,3.007500,2.148200,0.859300,0.206613
partition_1,mol1477,CN(C)c1ccc(C2=Nc3scc(-c4ccccc4)[n+]3[B-](F)(F)O2)cc1,4,1,3.362200,2.453700,0.908500,1.692744
partition_1,mol1478,CCCCCCCCCCCOc1cc2ccc(N(C)C)cc2cc1/C=C(\C#N)C(=O)O,4,1,2.035800,1.553000,0.482800,0.062378
partition_1,mol1479,CCCCCCCOc1ccc(OCCC)c2c(OCCCCCCC)cccc12,4,1,3.813000,2.978800,0.834200,0.179217
partition_1,mol1480,COC(=O)/C=C/C1=CC2=C(c3ccccc3)c3cccn3[B-](F)(F)[N+]2=C1,4,1,2.732100,1.551000,1.181100,0.790480
partition_1,mol1481,COC(=O)CCC1=C2C=C(C)C=[N+]2[B-](F)(F)n2c(SC#N)ccc21,4,1,2.815100,1.363700,1.451400,1.106803
partition_1,mol1482,CCCN1C(=O)/C(=C/c2c3ccccc3cc3ccccc23)SC1=S,4,1,2.823600,1.962400,0.861200,0.666226
partition_1,mol1483,CCCOc1ccc2oc(=O)ccc2c1,4,1,3.602000,2.811900,0.790100,0.164738
partition_1,mol1484,CCCCCn1c(-c2ccc(C(F)(F)F)cc2)nc2c3ccccc3c3ccccc3c21,4,1,3.781000,3.413300,0.367700,0.185057
partition_1,mol1485,COC1=[N+]2C(=C(c3ccccc3)c3ccc(OC)n3[B-]2(F)F)C=C1,4,1,2.935400,1.286200,1.649200,1.262792
partition_1,mol1486,COCCCCN1C(=O)C2=C(c3ccncc3)N(CCOCCOCCOC)C(=O)C2=C1c1ccncc1,4,1,2.512300,1.283300,1.229000,0.457442
partition_1,mol1487,CN(C)c1ccc(/C=C/c2nc3c4ccccc4c4ccccc4c3[nH]2)cc1,4,1,3.403100,2.506400,0.896700,2.207810
partition_1,mol1488,N#CC1=C(c2ccccc2)c2ccccc2S[C@@H]1c1ccccc1,4,1,3.135600,2.774400,0.361200,0.080941
partition_1,mol1489,COCCOCCOCC(COC)OCOC,4,1,6.769800,6.769000,0.000800,0.023474
partition_1,mol1490,CN(C)c1ccc(/C=C/c2nc3ccccc3s2)cc1,4,1,3.348900,2.318900,1.030000,2.091864
partition_1,mol1491,CN(C)CCCCCCCCCCN1C(=O)c2cccc3c(N(C)C)ccc(c23)C1=O,4,1,2.844600,1.948700,0.895900,0.466146
partition_1,mol1492,CN(C)c1ccc(C2=C3C=CC=[N+]3[B-](F)(F)n3cccc32)cc1,4,1,2.843800,1.540900,1.302900,0.448279
partition_1,mol1493,CC1(C)c2ccccc2-c2ccc(N3c4ccccc4Sc4cc(/C=C(\C#N)C(=O)O)ccc43)cc21,4,1,2.314900,1.536800,0.778100,0.616023
partition_1,mol1494,CCCCCCCCCNc1ccc(/N=N/c2ccc(C#N)cc2)cc1,4,1,1.685300,1.689900,-0.004600,0.043446
partition_1,mol1495,CC1(C)CC(=O)C2=C(C1)OC(N)=C(C#N)[C@H]2c1ccccc1Cl,4,1,3.414200,2.794000,0.620200,0.065944
partition_1,mol1496,O=C1C=C(c2cccc3c2ccc2c3cnn2-c2ccccc2)c2ccccc21,4,1,2.410300,1.946800,0.463500,0.025733
partition_1,mol1498,CCOc1ccc2c3c(c(OC)ccc13)C=CC=c1c3cccc(c3-2)c2ccccc12,4,1,2.167900,1.984000,0.183900,0.016982
partition_1,mol1499,CCNC(=O)CSc1nc2ccc(/N=C/c3c4ccccc4cc4ccccc34)cc2s1,4,1,2.916500,2.029600,0.886900,0.889398
partition_1,mol1500,COc1ccc(-c2c3ccccc3c(-c3cc(OC)cc(OC)c3)c3ccccc23)cc1,4,1,3.247200,2.256900,0.990300,0.458042
partition_1,mol1501,CCCCCCCCCCCOc1ccc2c(c1)c1cc(OCCCCCCC)ccc1c1c3cc(OCCCCCCCCC)ccc3c3cc(OCCCCCCCCCCC)ccc3c21,4,1,3.370800,2.763900,0.606900,0.111350
partition_1,mol1502,O=C(O)c1ccc(C2=C3C=CC=[N+]3[B-](F)(F)n3cccc32)cc1F,4,1,2.935500,1.455200,1.480300,0.706772
partition_1,mol1503,CN(C)c1ccc2cc(C#N)c(C#N)cc2c1,4,1,2.873100,2.252200,0.620900,0.087913
partition_1,mol1504,COc1cc(-c2nc(-c3ccc(N(c4ccccc4)c4ccccc4)cc3)n3ccccc23)cc(O)c1OC,4,1,3.223900,2.613700,0.610200,0.427179
partition_1,mol1506,N#C/C(=C\c1cc2cc(O)ccc2oc1=O)c1nc2ccccc2s1,4,1,2.983600,2.133000,0.850600,0.899041
partition_1,mol1507,CCCCCn1c2ccccc2c2cc(-c3ccc(/C=C(\C#N)C(=O)O)s3)ccc21,4,1,3.041700,1.911900,1.129800,2.129282
partition_1,mol1508,COc1ccc(-c2ccc([N+](=O)[O-])o2)cc1,4,1,3.462600,2.334800,1.127800,0.972800
partition_1,mol1509,CN(C)c1ccc(/C=C2\CC/C(=C\c3ccc(N(C)C)cc3)C2=O)cc1,4,1,3.123800,2.329600,0.794200,2.544277
partition_1,mol1511,CN/C=C1\Nc2c(Br)ccc(O)c2C1=O,4,1,3.158900,1.782900,1.376000,0.444832
partition_1,mol1512,CCN(C)c1ccc(/C=C2/SC(=S)N(CC(=O)O)C2=O)cc1,4,1,2.958200,1.744900,1.213300,1.684150
partition_1,mol1513,CCN(CC)c1ccc(/C=C/c2ccc3nc(/C=C/c4ccc(N(C)C)cc4)oc3c2)cc1,4,1,3.125400,2.334400,0.791000,3.388921
partition_1,mol1514,CCCCCCCCCCN(C)c1ccc(S(=O)(=O)O)cc1NC(=O)c1cc(/N=N/c2c(Cl)cccc2Cl)c2ccccc2c1O,4,1,1.399700,1.253200,0.146500,0.080112
partition_1,mol1515,CN(C)c1ccc([N+](=O)[O-])c2cccnc12,4,1,3.409300,2.177000,1.232300,0.602844
partition_1,mol1516,F[B-]1(F)n2c(c3ccccc3c2-c2ccccc2)C(c2ccccc2)=C2c3ccccc3C(c3ccccc3)=[N+]21,4,1,2.403800,1.086000,1.317800,1.677379
partition_1,mol1517,CC1=CC(C)=[N+]2C1=C(c1ccc(I)cc1)c1c(C)cc(C)n1[B-]2(F)Oc1ccc([N+](=O)[O-])cc1,4,1,2.886100,1.470200,1.415900,0.991136
partition_1,mol1518,CCCCCCCCCCN(C)c1ccc(S(=O)(=O)O)cc1NC(=O)c1cc(/N=N/c2ccccc2Cl)c2ccccc2c1O,4,1,1.599300,1.298400,0.300900,0.131837
partition_1,mol1519,COC(=O)/C=C/C1=CC2=C(c3ccc(OC)cc3)c3cc(/C=C/C(=O)OC(C)(C)C)cn3[B-](F)(F)[N+]2=C1,4,1,2.647800,1.652800,0.995000,1.003825
partition_1,mol1520,CC1=CC(C)(C)Nc2c1c(N)cc1ccccc21,4,1,1.875600,0.828300,1.047300,0.078931
partition_1,mol1521,NC1=NC(=O)c2ccccc21,4,1,2.950700,2.725800,0.224900,0.000769
partition_1,mol1522,CCN(CCCCC(=O)O)c1ccc2cc(-c3ccc(C#N)cc3)c(=N)oc2c1,4,1,3.258100,2.314800,0.943300,1.170867
partition_1,mol1523,Fc1nc(N/N=C/c2c3ccccc3cc3ccccc23)ncc1-c1ccccc1,4,1,2.994500,1.979400,1.015100,1.060851
partition_1,mol1524,CN1CCc2cc(/N=N/c3ccc(Br)cc3)ccc21,4,1,1.518600,1.498300,0.020300,0.026538
partition_1,mol1525,CCN(c1ccccc1)c1ccc2c3c(cccc13)C(=O)OC2=O,4,1,2.774500,1.923300,0.851200,0.541726
partition_1,mol1526,CN(C)c1ccc(/C=C2\CC/C(=C\c3ccc(C#N)cc3)C2=O)cc1,4,1,3.142500,2.151400,0.991100,1.986283
partition_1,mol1527,C[Si]1C=C(c2ccc(C3=C4C=CC=[N+]4[B-](F)(F)n4cccc43)cc2)c2cc(Br)ccc21,4,1,1.273300,1.273300,0.000000,0.000025
partition_1,mol1528,COc1ccc(C2=C3C=C(/C=C/C(=O)O)C=[N+]3[B-](F)(F)n3cccc32)cc1,4,1,2.729800,1.631800,1.098000,0.717242
partition_1,mol1529,Cc1cc2cc3ccccc3cc2cc1Br,4,1,3.488500,2.338200,1.150300,0.191278
partition_1,mol1530,F[B-]1(F)Oc2ccc3ccccc3c2-c2sc3ccccc3[n+]21,4,1,3.302900,2.493200,0.809700,0.706608
partition_1,mol1531,CCCCCCCN(CCCCC)c1ccc(-c2ccc(-c3ccc(/C=C(\C#N)C(=O)O)s3)c3nsnc23)cc1,4,1,2.727900,1.800100,0.927800,2.967654
partition_1,mol1532,CCN1CCC2(OCCO2)C1=O,4,1,5.508400,5.382500,0.125900,0.007081
partition_1,mol1533,CCCCCCCCCOC(=O)/C=C/C1=CC2=C(c3c(C)cc(C)cc3C)c3cccn3[B-](F)(F)[N+]2=C1,4,1,2.802300,1.567400,1.234900,0.839381
partition_1,mol1534,CCCCCCCCCCN1C(=O)c2cccc3c(N(C)C)ccc(c23)C1=O,4,1,2.894600,1.971500,0.923100,0.477858
partition_1,mol1535,F[B-]1(F)Oc2ccc3ccccc3c2-c2c3ccccc3cc[n+]21,4,1,3.074500,2.399200,0.675300,0.463094
partition_1,mol1536,O=CN/N=C/c1c2ccccc2cc2ccccc12,4,1,3.132400,2.032100,1.100300,0.520801
partition_1,mol1537,COc1cccc(OCCCCCN2c3ccccc3Sc3cc(-c4ccc(C=C(C#N)C(=O)O)s4)ccc32)c1,4,1,2.583600,1.778500,0.805100,1.327796
partition_1,mol1538,CCN(C)c1ccc2cc(-c3nc(-c4ccccc4)c(-c4ccccc4)o3)c(=O)oc2c1,4,1,3.109000,2.162100,0.946900,1.886895
partition_1,mol1539,CCN(C)c1ccc(/C=N/c2ccc(/N=N/c3ccccc3)cc2)cc1,4,1,1.502600,1.486000,0.016600,0.038485
partition_1,mol1540,CCCCCOc1ccc(C2=C3C(C)=CC(C)=[N+]3[B-](F)(F)n3c(C)cc(C)c32)cc1,4,1,2.886500,1.470200,1.416300,1.020679
partition_1,mol1541,Cc1ccc2c3c(cccc13)C(c1cccc3ccccc13)=C2,4,1,2.525600,2.129500,0.396100,0.056165
partition_1,mol1542,CCCCCCCOc1ccc(N2c3ccccc3Sc3cc(/C=C(/C#N)C(=O)O)ccc32)cc1,4,1,2.331700,1.535300,0.796400,0.685122
partition_1,mol1543,CCc1c(C)c2cc3occ(-c4ccccc4)c3cc2oc1=O,4,1,3.858800,3.014300,0.844500,0.172339
partition_1,mol1544,CCCN(c1ccccc1)c1ccc(C=C(C#N)C(=O)O)cc1,4,1,3.228700,2.033900,1.194800,1.646792
partition_1,mol1545,CCN(CC)c1ccc2cc(-c3ccc(S(=O)(=O)O)cc3)c(=O)oc2c1,4,1,3.315200,2.326600,0.988600,1.327545
partition_1,mol1546,COc1cccc(C2=C3C=CC=[N+]3[B-](F)(F)n3cccc32)c1,4,1,2.930000,1.523500,1.406500,0.489809
partition_1,mol1547,CN(C)c1ccc(/C=C/C(=O)c2c3ccccc3cc3ccccc23)cc1,4,1,3.223900,2.243700,0.980200,0.582570
partition_1,mol1548,CCCCCCCCCN1C(=O)C2=C(c3ccccc3)N(CC(=O)OCC)C(=O)C2=C1c1ccc(-c2ccccc2)cc1,4,1,2.694200,1.434200,1.260000,0.641550
partition_1,mol1549,CCCN1C(=O)c2cccc3c(N(Cc4ccccn4)Cc4ccccn4)ccc(c23)C1=O,4,1,2.836100,1.981200,0.854900,0.530856
partition_1,mol1550,CCCCCCCCCN(CC[CH2][Na])c1ccc(/C=C/c2cc[n+](CCCS(=O)(=O)[O-])cc2)cc1,4,1,1.324500,0.625200,0.699300,0.000033
partition_1,mol1551,CCCCCCCCCN(C)/N=C/c1cc(/N=N/c2cccc(Br)c2)ccc1O,4,1,1.447100,1.441400,0.005700,0.019057
partition_1,mol1552,Cn1c(-c2ccc([N+](=O)[O-])o2)cn2c(Br)c(-c3ccco3)nc12,4,1,3.142800,2.314900,0.827900,0.126793
partition_1,mol1553,Nc1cc2nc3ccccc3nc2cc1[N+](=O)[O-],4,1,2.144700,1.481200,0.663500,0.129393
partition_1,mol1554,CCN(c1ccc2c3c(cccc13)C(=O)OC2=O)c1ccc2ccc3cccc4ccc1c2c34,4,1,2.764000,1.959000,0.805000,0.568085
partition_1,mol1555,CCCCCCCCCCCOc1ccc(-c2c3ccccc3c(-c3ccc(/C=C(\C#N)C(=O)O)cc3)c3ccc(OCCCCCCCCC)cc23)cc1,4,1,3.110500,2.233900,0.876600,0.629926
partition_1,mol1556,CC1=Cn2c(C)c(C#N)c(C)c2C(c2ccc(C(=O)O)cc2)=C2C1=Cc1ccccc1N2C,4,1,2.390000,1.994900,0.395100,0.036329
partition_1,mol1557,CN1C(=O)c2cccc3c(-c4ccc(N5CCOCC5)cc4)ccc(c23)C1=O,4,2,2.907200,2.331600,0.575600,0.765360
partition_1,mol1558,CN(C)c1ccc(/C=C/c2cc(/C=C/c3ccc(N(C)C)cc3)nc(/C=C/c3ccc(N(C)C)cc3)n2)cc1,4,2,3.337900,2.527700,0.810200,2.443114
partition_1,mol1559,O=Cc1ccc(-c2ccc(-c3nc4cc5sc(-c6cccs6)nc5cc4s3)s2)s1,4,2,3.121200,2.249900,0.871300,3.054554
partition_1,mol1560,O=C1C=N/C1=C\c1ccc([N+](=O)[O-])cc1O,4,2,2.935000,2.450800,0.484200,0.012411
partition_1,mol1561,C1=CC2=Nc3ccc(-c4ccc5c6ccccc6n(-c6ccc(-c7cncc(-c8ccccc8)c7)cc6)c5c4)cc3C2=C1,4,2,1.105600,0.723500,0.382100,0.000064
partition_1,mol1562,CCCCCCC1(CCCC)c2cc(C#Cc3ccc(N(c4ccccc4)c4ccccc4)cc3)ccc2-c2ccc(C=O)cc21,4,2,3.615100,3.095400,0.519700,2.633927
partition_1,mol1563,COC(=O)[C@H](Cc1ccc2nc(-c3ccc(OC)cc3)sc2c1)NC(=O)OC(C)(C)C,4,2,4.003800,3.287800,0.716000,0.782293
partition_1,mol1564,CCCCCCCCCCOc1ccc(N2c3ccccc3Sc3ccccc32)c2cc(OCCCCCCC)ccc12,4,2,3.290500,2.925700,0.364800,0.070494
partition_1,mol1565,CCCCCCCCCCCNc1ccc(/N=N/c2ccc(C#N)cc2)cc1,4,2,1.359100,1.356300,0.002800,0.042093
partition_1,mol1566,Cn1c2ccccc2c2cc(/C=N/NC=O)ccc21,4,2,3.838300,3.134600,0.703700,0.041653
partition_1,mol1567,CN1Cc2cc3ccc(N)cc3c(-c3ccc(-c4cccs4)s3)c2C1,4,2,3.456900,2.650200,0.806700,0.873286
partition_1,mol1568,c1ccc(-c2ccc(-c3ccccc3)o2)cc1,4,2,3.855600,2.822900,1.032700,1.302645
partition_1,mol1569,CCCCCCc1ccc2nc3ccccc3c(Nc3cccc4ccccc34)c2c1,4,2,2.845400,2.034400,0.811000,0.521180
partition_1,mol1570,CN(C)c1ccc(/C=C/c2c3ccccc3nc3ccccc23)cc1,4,2,2.921400,2.148700,0.772700,1.199853
partition_1,mol1571,F[B-]1(F)OC(c2ccccc2)=Cc2ccc3ccccc3[n+]21,4,2,3.258100,2.357600,0.900500,0.886606
partition_1,mol1572,C=C(C)C(=O)NCCN(CC(=O)C(COC(C)=O)N(C)C)CC(=O)N(C)CC(=O)OC,4,2,3.447300,3.441800,0.005500,0.003221
partition_1,mol1573,CCCN1C(=O)c2cccc3c(NCCO)ccc(c23)C1=O,4,2,2.982800,2.071900,0.910900,0.429000
partition_1,mol1574,CC/N=C/c1ccc2ccc3cccc4ccc1c2c34,4,2,3.590200,2.538800,1.051400,0.313349
partition_1,mol1575,CCCCOc1ccc(/C=C/C2=[O+][B-](F)(F)OC(/C=C/c3ccc(OC)cc3)=C2c2ccccc2)cc1,4,2,2.845600,1.950300,0.895300,3.161162
partition_1,mol1576,Cc1ccc(C2=C3C=C(C=O)C=[N+]3[B-](F)(F)n3cc(C#N)cc32)cc1,4,2,2.934000,1.664600,1.269400,0.993202
partition_1,mol1577,CCCCCCCCC(=O)N/N=C/c1c2ccccc2cc2ccccc12,4,2,3.079400,2.013300,1.066100,0.544264
partition_1,mol1578,COc1ccc(/N=N/c2cc(C(N)=O)c(O)c3ccccc23)cc1,4,2,1.860800,1.611300,0.249500,0.106096
partition_1,mol1580,CC(=O)n1c(=O)c2cc3ccc4cccc5ccc2c1c3c45,4,2,1.318200,0.630200,0.688000,0.058573
partition_1,mol1581,CCN(CCCCCN)c1cccc2ccccc12,4,2,3.541600,2.890600,0.651000,0.176543
partition_1,mol1582,Cc1cccc(-c2nnc(-c3ccccc3)o2)c1,4,2,4.273300,3.405500,0.867800,1.269238
partition_1,mol1583,CN(C)c1ccc2cc(-c3nc(-c4ccccc4)c(-c4ccccc4)[nH]3)ccc2c1,4,2,3.200800,2.493600,0.707200,0.312711
partition_1,mol1584,CCCCCOc1ccc2cc(-c3cc4ccc(OC)cc4oc3=O)oc2c1,4,2,3.358800,2.322000,1.036800,1.541393
partition_1,mol1585,CCCCCCCCCCCNc1ccc([N+](=O)[O-])c2c1ccc[n+]2[O-],4,2,2.161500,1.840000,0.321500,0.072854
partition_1,mol1586,CCCCCc1cc(C=O)sc1-c1ccc(-c2ccc3c(c2)c2ccccc2n3CC)s1,4,2,3.132800,2.135000,0.997800,2.056532
partition_1,mol1587,CN(C)c1ccc(C2=Nc3sc4ccccc4[n+]3[B-](F)(F)O2)cc1,4,2,3.319300,2.417900,0.901400,1.887335
partition_1,mol1588,CCCC(=O)/C=C/C1=CC2=C(c3ccccc3)c3cccn3[B-](F)(F)[N+]2=C1,4,2,2.736500,1.556700,1.179800,0.875040
partition_1,mol1589,Brc1cc(-c2c3ccccc3c(C3=C4C=CC=C4C=C3)c3ccccc23)c2ccccc2c1,4,2,0.630100,0.303400,0.326700,0.001175
partition_1,mol1590,CCCCCCCCCCOc1cc(OCCCCCCC)c(C#Cc2ccc(N(C)C)cc2)cc1-c1ccc(/C=C(\C#N)C(=O)O)s1,4,2,2.993000,1.892600,1.100400,2.032489
partition_1,mol1591,Cc1ccc(-c2cc3ccc(N(C)C)cc3c(=O)o2)s1,4,2,3.090200,2.308000,0.782200,0.252282
partition_1,mol1592,CCCCCCCCN1C(=O)c2ccc3c(-c4ccc(F)cc4)ccc(-c4ccc(F)cc4)c3c2C1=O,4,2,2.854300,2.387500,0.466800,0.081832
partition_1,mol1593,CCCCCCCCOc1ccc(O)c(/C=N/c2ccc(/N=C/c3c(O)ccc4ccccc34)cc2)c1,4,2,3.176500,2.551900,0.624600,1.554141
partition_1,mol1594,O=S(=O)(O)c1ccc(/N=N/c2ccc(O)c3ncccc23)cc1,4,2,1.370500,1.301700,0.068800,0.039176
partition_1,mol1595,CCCN(C)c1cccc2nonc12,4,2,2.477200,1.517500,0.959700,0.205379
partition_1,mol1596,CN(C)c1ccc(/C=C/c2nc(N)c3c([n+]2[O-])CCCC3)cc1,4,2,2.453200,1.553500,0.899700,0.641124
partition_1,mol1597,CN(C)c1ccc(/C=C/c2nc3ccccc3o2)cc1,4,2,3.421400,2.351700,1.069700,2.170950
partition_1,mol1599,CCCCCCCCCCCOc1ccc(/C=C/c2ccc(C=O)cc2)cc1OCCCCCCCCCCC,4,2,3.602000,2.653300,0.948700,1.477169
partition_1,mol1600,Cc1cccc(C2=C3C=CC=[N+]3[B-](F)(F)n3cccc32)c1,4,2,2.960300,1.528000,1.432300,0.720380
partition_1,mol1601,CCCCCCCOc1cc(-c2ccc(N(c3ccccc3)c3ccccc3)cc2)c(OC)cc1C=O,4,2,3.305200,2.556700,0.748500,0.604563
partition_1,mol1602,CCCCCCCCCCCCCOc1cc(/C=N/c2ccc(/N=N/c3ccccc3)cc2)c(OCCCCCCCCCCC)cc1Br,4,2,1.481800,1.435500,0.046300,0.056982
partition_1,mol1603,Nc1nc(N)n2nc3ccccc3cc12,4,2,1.675100,0.856900,0.818200,0.129873
partition_1,mol1604,CCCn1c2ccc(C=C(c3ccccc3)c3ccccc3)cc2c2cc(-c3ccc(C=C(c4ccccc4)c4ccccc4)cc3)ccc21,4,2,3.735900,3.123600,0.612300,0.393080
partition_1,mol1605,CCCCN(CCC)c1ccc(-c2c3c(n4ccc(-c5ccc(C#N)cc5)cc24)C(=O)N(CCC)C3)s1,4,2,2.650000,2.066900,0.583100,0.444457
partition_1,mol1606,O=C1/C(=C/c2ccc(-c3cccc(C(F)(F)F)c3)s2)CC/C1=C\c1ccc(-c2cccc(C(F)(F)F)c2)s1,4,2,3.022100,2.228700,0.793400,2.250236
partition_1,mol1607,Fc1cnc2nc3ccccc3cc2c1,4,2,3.268300,2.585300,0.683000,0.000333
partition_1,mol1608,CCN(C)c1ccc(/C=C/c2ccncn2)cc1,4,2,3.415900,2.306800,1.109100,1.779917
partition_1,mol1609,C1=NC(c2ccc(-c3ccc(-c4nc(-c5ccccc5)c(-c5ccccc5)[nH]4)s3)s2)=N1,4,2,1.735500,0.967500,0.768000,0.193534
partition_1,mol1610,CN1CCc2cc(/N=N/c3ccc(C(F)(F)F)cc3)ccc21,4,2,1.356100,1.343200,0.012900,0.034697
partition_1,mol1611,CCCCCCCn1c2ccc(-c3ccc(/C=C(/C#N)C(=O)O)cc3)cc2c2c1c1ccccc1n2CC(CCC)CCCCC,4,2,3.290100,2.745900,0.544200,0.291675
partition_1,mol1612,CCCCCCCCCNc1ccc(/N=N/c2ccccc2)cc1,4,2,1.501300,1.509900,-0.008600,0.025276
partition_1,mol1613,CCCN1C(=O)c2cccc3c(N(Cc4ccccc4)c4ccccc4)ccc(c23)C1=O,4,2,2.730000,1.995000,0.735000,0.535296
partition_1,mol1614,CCCCCCCCOc1cc(C=O)c(OCCCCCCC)cc1/C=C/c1cc(OCCCCC)ccc1OCCCCCCC,4,2,3.161300,2.247100,0.914200,0.971467
partition_1,mol1615,CCCCCCNc1ccc(/N=N/c2ccc(C#N)cc2)cc1,4,2,1.376700,1.363700,0.013000,0.040902
partition_1,mol1616,CN(C)c1ccc2c(-c3ccccc3)cc(=O)oc2c1,4,2,3.490900,2.474200,1.016700,0.648982
partition_1,mol1617,CCCOc1ccc(-c2nn(-c3ccccc3)c3cc(-c4ccc(C=C(C#N)C(=O)O)s4)ccc23)cc1,4,2,3.200600,2.065500,1.135100,1.443704
partition_1,mol1618,CCCCCCCCCCCOc1ccc(C#Cc2cc(C#Cc3ccc(OCCCCCCCCCC)cc3)ccc2OCCCCCCCCC)cc1,4,2,4.095000,3.431100,0.663900,0.665096
partition_1,mol1619,CCCCNC(=O)c1ccc2ccc3cccc4ccc1c2c34,4,2,3.678800,2.719600,0.959200,0.010280
partition_1,mol1620,CCCC(=O)/C=C/c1ccc2cc(N(C)C)ccc2c1,4,2,3.183600,2.277500,0.906100,0.847805
partition_1,mol1621,COC(=O)C1=C(C)c2cc3c(C)c(C(=O)OC)[nH]c3c(=O)n2C1=O,4,2,2.951400,1.828700,1.122700,0.588194
partition_1,mol1622,CCCCCCCCCCCCNc1ccc(/N=N/c2ccc(C#N)cc2)cc1,4,2,1.358300,1.352100,0.006200,0.046064
partition_1,mol1623,CCCCCCCCCCCCCOc1cc(OCCCCCCCCCCCC)c(OCCCCCCCCCCCCC)cc1C#Cc1ccc(C=C(C#N)C#N)cc1,4,2,3.182900,2.369000,0.813900,2.081147
partition_1,mol1624,N#Cc1nc(-c2ccccc2)sc1N1CCCC1,4,2,3.662000,2.662500,0.999500,0.951720
partition_1,mol1625,CN(C)c1ccc(C2=Cc3cccc[n+]3[B-](F)(F)O2)cc1,4,2,3.214700,2.291400,0.923300,1.470425
partition_1,mol1626,CN(C)c1ccc(/C=C/C=O)cc1,4,2,3.584300,2.190000,1.394300,0.019093
partition_1,mol1627,CCCCCCCCCOc1cc2cc(-c3ccc(C(=O)OCC)cc3)sc2cc1C#Cc1ccc(C(=O)OCC)cc1,4,2,3.550100,2.935500,0.614600,1.167132
partition_1,mol1628,CCCCCCCCNc1ccc(/N=N/c2ccc(C#N)cc2)cc1,4,2,1.372400,1.368500,0.003900,0.040329
partition_1,mol1629,Cc1ccc(Nc2ccc3c4c(cccc24)C(=O)N(C)C3=O)cc1,4,2,2.908800,2.052900,0.855900,0.727146
partition_1,mol1630,CN(C)c1ccc2c(c1)nnc1c2c(-c2ccccc2)nn1-c1ccccc1,4,2,2.589500,1.933900,0.655600,0.161601
partition_1,mol1631,CCCCCN1C(=O)c2cccc3cc(/C=N\c4cc5c6c(cccc6c4)C(=O)N(CCC)C5=O)cc(c23)C1=O,4,2,3.393400,2.619200,0.774200,0.240623
partition_1,mol1632,COc1ccc(C2N=C(N)c3cccc4cccc2c34)cc1OC,4,2,3.819600,2.953800,0.865800,0.265234
partition_1,mol1633,COc1cccc(Nc2c3ccccc3nc3ccccc23)c1,4,2,2.929900,2.063200,0.866700,0.475085
partition_1,mol1634,C1=CC2=C(/C=N/c3ccc(-c4nc5sc(-c6cccs6)nn5c4-c4ccccc4)cc3)C=CC2=C1,4,2,0.618500,0.269000,0.349500,0.002538
partition_1,mol1635,CCCC(OC(=O)c1ccccc1N=Nc1ccc(O)cc1)C(=O)NC(C)(C)C,4,2,1.973900,1.905800,0.068100,0.015308
partition_1,mol1636,C1=NC(c2ccc(-c3ccc(N(c4ccccc4)c4ccccc4)cc3)cc2)=N1,4,2,2.090400,1.429100,0.661300,0.218534
partition_1,mol1637,CCCCCCCc1ccc(-c2ccc(-c3ccc(CCCC)s3)s2)s1,4,2,3.376900,2.334500,1.042400,1.722347
partition_1,mol1638,CCCCN(C)c1ccc(C=C2SC(=S)N(CC(=O)O)C2=O)cc1,4,2,2.964200,1.770900,1.193300,1.670644
partition_1,mol1639,COc1cc(-c2nc3c4cccnc4c4ncccc4c3n2-c2ccc(C(C)(C)C)cc2)cc(OC)c1OC,4,2,3.805800,3.293700,0.512100,0.277391
partition_1,mol1640,COC(=O)/C=C/c1cn(-c2ccc(N(C)C)cc2)nc1-c1ccccc1,4,2,3.586300,2.781200,0.805100,1.010359
partition_1,mol1641,O=C1C=N/C1=C\c1ccc(O)cc1,4,2,2.575400,2.330300,0.245100,0.003573
partition_1,mol1642,CC(C)(C)NC(=O)C(=O)N/N=C/c1c2ccccc2cc2ccccc12,4,2,3.041100,2.000800,1.040300,0.576822
partition_1,mol1643,O=S(=O)(c1ccc(-n2c3ccccc3c3ccccc32)cc1)c1ccc(-n2c3ccccc3c3ccccc32)cc1,4,2,3.935100,3.477300,0.457800,0.421747
partition_1,mol1644,N#CC(=O)c1nc2ccccc2o1,4,2,3.564500,2.633300,0.931200,0.043385
partition_1,mol1645,CCCCCn1c2ccccc2c2cc(C#Cc3ccc4c5ccc(C#Cc6ccc7c(c6)c6ccccc6n7CCCCC)cc5n(CCC)c4c3)ccc21,4,2,3.674900,3.219500,0.455400,0.055664
partition_1,mol1646,Cn1c(=O)oc2ccccc2c1=O,4,2,4.593200,4.074800,0.518400,0.058283
partition_1,mol1647,CN(C)c1ccc(-c2c[nH]n3ccc(C=O)c23)cc1,4,2,3.935500,2.859100,1.076400,0.043569
partition_1,mol1648,CN(C)c1ccc2cc(/C=C/C(=O)O)c(=O)oc2c1,4,2,3.183700,2.005400,1.178300,1.545029
partition_1,mol1649,COC(=O)C1=C(c2ccccc2)NC(=O)C1=Cc1cccs1,4,2,2.793200,1.620600,1.172600,0.651864
partition_1,mol1650,CN(C)c1ccc(/C=C/c2ccnc(/C=C/c3ccc(N(C)C)cc3)c2)cc1,4,2,3.367900,2.514800,0.853100,3.009351
partition_1,mol1651,CCCNc1ccc2ccccc2c1/N=N/c1ccc(C)cc1,4,2,2.047200,1.492400,0.554800,0.067798
partition_1,mol1652,COC(c1cc2cc(N(C)C)ccc2oc1=O)(C(F)(F)F)C(F)(F)F,4,2,2.463300,1.813000,0.650300,0.093438
partition_1,mol1653,F[B-]1(F)OC(c2ccc3ccccc3c2)=CC=[O+]1,4,2,3.144000,2.411400,0.732600,0.166677
partition_1,mol1654,Cc1ccc(-c2cc(-c3cc(-c4cc(C)c(-c5cccc(C)c5)s4)sc3C#N)sc2C#N)cc1,4,2,3.455500,2.398300,1.057200,1.332022
partition_1,mol1655,CCCCCCCCCCCCCCCOc1ccc2c(c1)C(OCCCCCCCCCCC)=CC=C1C=CC3=Nc4c5ccccc5nc5[n+]4[B-]1(Nc1ccccc1-5)N32,4,3,2.051200,1.712500,0.338700,0.091891
partition_1,mol1656,CCCC=Cc1ccc2c3c(cccc13)CC2,4,3,4.030000,3.012900,1.017100,0.510965
partition_1,mol1657,COc1cc(-c2ccc(-n3ccnc3)cc2)cc(-c2ccc(-n3ccnc3)cc2)c1,4,3,4.333500,3.873500,0.460000,0.266006
partition_1,mol1658,Fc1ccc2sc3c(-c4nc5ccccc5s4)cccc3c2c1,4,3,3.764900,3.202700,0.562200,0.483565
partition_1,mol1659,CCCCCCCCCCOC(=O)c1cccc(N2N=C(c3ccccc3)CC2c2ccc3cc(Br)ccc3c2)c1,4,3,3.282400,2.415200,0.867200,0.172371
partition_1,mol1660,CCCc1ccc2nc3nc(CCC)c(C)cc3cc2c1,4,3,3.273500,2.656300,0.617200,0.000098
partition_1,mol1661,CN(C)c1ccc(/C=C/c2cccc[n+]2CCCS(=O)(=O)[O-])cc1,4,3,3.013400,1.894200,1.119200,1.789461
partition_1,mol1662,CCN1[C@@H]2CC[C@H]1CC(Oc1ccc(/N=N/c3ccccc3)cc1)C2,4,3,1.477100,1.509100,-0.032000,0.015290
partition_1,mol1663,CCCCCCCCCCCCCC[C@@]1(CCCCC)C(=O)N(C)c2ccccc21,4,3,4.412100,3.916900,0.495200,0.029021
partition_1,mol1664,COC(=O)c1ccc2c(=O)n(-c3ccc(N(C)C)cc3)c(=O)oc2c1,4,3,3.908900,3.339400,0.569500,0.085237
partition_1,mol1665,c1ccc2c(-c3cc4ccccc4c4ccccc34)cccc2c1,4,3,3.961500,3.385400,0.576100,0.000374
partition_1,mol1666,CCCCCCCCCCCCCOc1cc2ccccc2cc1NC(=O)c1cccc([N+](=O)[O-])c1,4,3,3.913800,3.327800,0.586000,0.117457
partition_1,mol1667,CC1=C(c2ccccc2)c2ccccc2B2C1=Cc1ccccc1N2Cc1ccccc1,4,3,3.423500,2.567900,0.855600,0.711184
partition_1,mol1668,Cc1cc2ccccc2c2c1cc(C(=O)c1ccccc1)c1ccccc12,4,3,3.431800,3.009100,0.422700,0.004633
partition_1,mol1669,CCCCCOc1ccc(C#Cc2cc3ccccc3cc2C#Cc2ccc(C(F)(F)F)cc2)cc1,4,3,3.884100,3.252000,0.632100,0.012465
partition_1,mol1670,Cc1oc2cc3nc4ccccc4nc3cc2c1C(C)(C)C,4,3,2.863500,2.044100,0.819400,0.132722
partition_1,mol1671,C1=CC2=Nc3ccc(-c4ccc(-c5nc6ccccc6n5-c5ccccc5)s4)cc3C2=C1,4,3,1.088800,0.722600,0.366200,0.004312
partition_1,mol1672,CN(C)c1ccc(-c2cccc3nc4ccccc4nc23)cc1,4,3,2.580200,2.041900,0.538300,0.428900
partition_1,mol1673,CCCCCCCCCc1ccc(/N=N/c2ccc(OC)cc2)cc1,4,3,1.522600,1.545400,-0.022800,0.014397
partition_1,mol1674,CCCCCOc1cc(-c2nn(-c3ccccc3)c3ccc(Cl)cc23)c(OCCC)cc1/C=C/c1ccncc1,4,3,3.309000,2.551800,0.757200,1.285283
partition_1,mol1675,CN(C)c1ccc2nc3ccccc3nc2c1,4,3,2.567000,1.798500,0.768500,0.218187
partition_1,mol1676,COC(=O)c1ccc(N2CCC2)cc1O,4,3,4.074200,3.011400,1.062800,0.442001
partition_1,mol1677,COC(=O)NCCN1Cc2c(-c3ccc(Oc4ccccc4)cc3)c3cc(C(C)=O)ccn3c2C1=O,4,3,3.084500,2.407200,0.677300,0.355925
partition_1,mol1678,COc1cc2ccccc2cc1-c1nc2sc(-c3ccncc3)nc2s1,4,3,3.315100,2.432500,0.882600,1.693899
partition_1,mol1679,CCCCCCCCCCNc1ccc(/N=N/c2ccccc2)cc1,4,3,1.541000,1.554500,-0.013500,0.021348
partition_1,mol1680,CCCCn1c2ccccc2c2cc(C(F)(F)F)ccc21,4,3,3.850900,3.420100,0.430800,0.054672
partition_1,mol1681,CCc1cc2ccc(-c3cccs3)cc2[nH]c1=O,4,3,3.680800,2.873000,0.807800,0.648881
partition_1,mol1682,CCC1(C)c2ccccc2-c2ccc(-c3ccc(-c4cc(-c5ccccc5)n(-c5ccccc5)n4)c4nsnc34)cc21,4,3,3.383800,2.588400,0.795400,1.754827
partition_1,mol1683,C1=NC(c2ccc3ccccc3c2)=N1,4,3,2.202200,1.519600,0.682600,0.081340
partition_1,mol1684,CCc1cc2ccccc2c2oc(=O)c3c(=O)oc4ccc5ccccc5c4c3c12,4,3,3.138700,2.435900,0.702800,0.428276
partition_1,mol1685,CCCCCCCCCCCOc1ccc(/[N+]([O-])=N/c2ccc(OCCCCCCCCC)cc2)cc1,4,3,3.566600,2.432200,1.134400,0.175307
partition_1,mol1686,O=[N+]([O-])c1ccc2c(S(=O)(=O)O)ccnc2c1,4,3,3.693200,3.099400,0.593800,0.040268
partition_1,mol1687,C#Cc1cc2ccccc2oc1=O,4,3,3.980900,2.884800,1.096100,0.442665
partition_1,mol1688,CN(C)c1ccc(-c2nc3ccccc3[nH]2)cc1,4,3,3.940500,3.023400,0.917100,1.303772
partition_1,mol1689,COC(=O)C1=CC2=C(c3ccc(F)cc3)c3c(C(=O)OC)cc(-c4ccccc4O)n3[B-](O)(F)[N+]2=C1,4,3,2.631500,1.488700,1.142800,0.858971
partition_1,mol1690,O=c1[nH]c2cc(-c3nc4ccccc4[nH]3)ccc2o1,4,3,4.216100,3.500200,0.715900,0.674443
partition_1,mol1691,N/C=c1\[nH]c2cccc3cccc1c32,4,3,3.142500,1.768400,1.374100,0.711086
partition_1,mol1692,CN(C)c1ccc2cc(-c3ccncc3)ccc2c1,4,3,3.238100,2.524900,0.713200,0.193061
partition_1,mol1693,CC1=N/C(=C\c2ccc(C(F)(F)F)cc2)C(=O)N1,4,3,3.471200,2.158100,1.313100,0.759570
partition_1,mol1694,CCCCCCCCCCCOc1c(Cl)cc(C2=Nc3c(c(N)nn3-c3ccc([N+](=O)[O-])cc3)C2)cc1OC,4,3,3.030200,2.326100,0.704100,1.169247
partition_1,mol1695,c1ccc2c(c1)CCc1nc(C3=NN=N3)c3c(c1-2)CCc1ccccc1-3,4,3,1.618500,1.549000,0.069500,0.001528
partition_1,mol1696,C1=C2C=C(c3ccccc3)c3ccccc3B2Nc2ccccc21,4,3,3.500700,2.572800,0.927900,0.822071
partition_1,mol1697,CCCCCCCCCCCCCOc1ccc2cc(-c3ccc(OC)cc3)oc2c1,4,3,4.044500,3.049000,0.995500,1.275340
partition_1,mol1698,COc1cccc2c1sc1c3nsnc3c3cc[nH]c3c21,4,3,3.611400,2.843200,0.768200,0.243245
partition_1,mol1699,O=C1CCC(c2ccccc2)=C1/C=C/c1ccccc1,4,3,3.200500,2.434300,0.766200,0.073384
partition_1,mol1700,CC1=CC(C)=[N+]2C1=C(c1ccc(Br)cc1)c1c(C)cc(C)n1[B-]2(F)OC(=O)c1ccc(Br)cc1,4,3,2.886600,1.467300,1.419300,1.003148
partition_1,mol1701,Oc1cccc(C#Cc2cc(C#Cc3ccccc3)c3ccccc3c2)c1,4,3,3.960800,2.986600,0.974200,0.578596
partition_1,mol1702,O=C1N=C(N2[CH]CCC2)S/C1=C\c1ccccc1,4,3,2.639600,2.639600,0.000000,0.199194
partition_1,mol1703,Cc1ccc(-c2csc3[n+]2[B-](F)(F)OC(c2ccc(N(C)C)cc2)=N3)cc1,4,3,3.363800,2.463400,0.900400,1.696913
partition_1,mol1704,O=C1CC(=Cc2ccccc2)C=C1c1ccccc1,4,3,3.010800,2.216300,0.794500,0.025339
partition_1,mol1705,COc1ccc(-c2nc3c4cccnc4c4ncccc4c3nc2OC)cc1,4,3,3.741100,3.059800,0.681300,0.830222
partition_1,mol1706,C1=CC2=C([Si](c3ccccc3)(c3ccccc3)c3ccc4ccc5cccc6ccc3c4c56)C=CC2=C1,4,3,0.655900,0.298000,0.357900,0.000065
partition_1,mol1707,Cc1cnc(-c2cccc(C=O)c2)o1,4,3,3.767100,3.207900,0.559200,0.000053
partition_1,mol1708,CCCCc1nc(-c2ccc(Cl)cc2)c(-c2nc3ccc(OCC(CC)CCCC)cc3s2)s1,4,3,3.595400,2.811300,0.784100,0.912069
partition_1,mol1709,COC(=O)c1cc(-c2cccc(Cl)c2Cl)nc2ccc(Br)cc12,4,3,3.876200,3.355600,0.520600,0.072871
partition_1,mol1710,CC(=O)NC(COc1ccc2c(c1)oc(=O)c1ccccc12)C(=O)O,4,3,4.047800,3.456900,0.590900,0.313967
partition_1,mol1711,CC(=O)NCCNc1cc(Nc2ccccc2)c2ccccc2n1,4,3,3.669600,2.975900,0.693700,0.507286
partition_1,mol1712,CCOc1ccc(-c2cccs2)cc1,4,3,4.314300,3.191300,1.123000,0.912952
partition_1,mol1713,Cc1cc(-c2cccs2)cc(-c2cccs2)c1,4,3,4.120400,3.235600,0.884800,0.004461
partition_1,mol1714,CCC1=CS(=O)c2[nH]ccc21,4,3,4.044300,3.435600,0.608700,0.032730
partition_1,mol1715,COC(=O)c1cccc(C2=NC=C(C)C2)c1,4,3,3.585700,2.422300,1.163400,0.618295
partition_1,mol1716,CCCCCCCCCNc1ccc(C#N)cc1,4,3,4.233700,3.361400,0.872300,0.052921
partition_1,mol1717,CCCCCCCCCCCCCCNC(=O)c1cc2cc(OCCCCCCCCCCCCC)c(C=O)cc2cc1O,4,3,2.893300,2.253400,0.639900,0.137299
partition_1,mol1718,CCCC1(CC)c2ccccc2-c2ccc(-n3c4ccc(C(F)(F)F)cc4c4cc(C(F)(F)F)ccc43)cc21,4,3,3.875200,3.477000,0.398200,0.204120
partition_1,mol1719,CCCCOCCOCCOc1ccc2cc(-c3cccs3)c(=O)oc2c1,4,3,3.416600,2.340700,1.075900,1.095126
partition_1,mol1720,N#CC(=O)c1ccc2c(c1)c1ccccc1n2-c1ccccc1,4,3,3.417400,2.653200,0.764200,0.454358
partition_1,mol1721,CC1=[O+][B-]2(OC1=O)OC(=O)c1cccc(O)c12,4,3,2.740900,2.752500,-0.011600,0.001399
partition_1,mol1722,O=C1c2ccccc2C(=O)N1Nc1cnc2ccc(Br)cn12,4,3,2.860500,2.524600,0.335900,0.015137
partition_1,mol1723,O=C(O)C1=NC2C(OCCCOC=CC3=COC(=O)C32)C(=O)N1,4,3,4.029400,2.859700,1.169700,0.303279
partition_1,mol1724,CCCCCCCCCCCC(=O)Nc1ccc(C(=O)/C=C/c2ccc(N(C)CCO)cc2)cc1,4,3,3.318700,2.256400,1.062300,1.677994
partition_1,mol1725,CCCCOc1ccc2nn(-c3ccccc3)nc2c1,4,3,3.931500,3.013300,0.918200,0.684747
partition_1,mol1726,CC1=C(C)c2cccc[n+]2[B-](F)(F)n2c1cc1ccccc12,4,3,3.240800,2.697500,0.543300,0.276493
partition_1,mol1727,COC(=O)c1nc(-c2ccccc2)oc1-c1ccccc1,4,3,3.926100,2.942500,0.983600,1.065373
partition_1,mol1728,CCCCCCNc1ccc(/N=N/c2ccccc2)cc1,4,3,1.558000,1.559200,-0.001200,0.023320
partition_1,mol1729,CCCCCCCCOc1cc(OCCCC)cc(-n2c3ccccc3c3cc(C#Cc4ccc(C(F)(F)F)cc4)ccc32)c1,4,3,3.788800,3.396600,0.392200,0.117418
partition_1,mol1730,CC(C)=C1CCC(C)C1C,4,4,5.437900,4.900100,0.537800,0.014607
partition_1,mol1731,Cc1ccccc1NC(=O)COC(=O)c1ccccc1N=Nc1ccc(N(C)C)cc1,4,4,2.313100,1.710300,0.602800,0.023560
partition_1,mol1732,COC(=O)CNS(=O)(=O)c1ccc(C)cc1,4,4,5.035000,4.989100,0.045900,0.000060
partition_1,mol1733,O=S(=O)(O)c1ccccc1,4,4,5.173800,5.119300,0.054500,0.001723
partition_1,mol1734,COc1ss/c(=N\c2ccccc2)c1Cl,4,4,3.454300,2.521800,0.932500,0.645987
partition_1,mol1735,CCCN(C)c1ccc(C#N)cc1,4,4,4.066100,3.200000,0.866100,0.059714
partition_1,mol1736,CCCCCCCC1(CCCCCCC)c2ccccc2-c2ccc(C#Cc3ccc4c(c3)C(CCC)(CCCCC)c3ccccc3-4)cc21,4,4,3.973300,3.301400,0.671900,2.786118
partition_1,mol1737,O=C1C=CC=N1,4,4,2.149300,2.064200,0.085100,0.000642
partition_1,mol1738,CCCCCc1sc(CCC)c2c1OCCO2,4,4,4.843200,3.758200,1.085000,0.078381
partition_1,mol1739,COCN(COC(N)=O)C(=N)N,4,4,5.181700,4.670400,0.511300,0.041178
partition_1,mol1740,CO[B-]1(F)n2cccc2-c2cccc(-c3ccccc3)[n+]21,4,4,3.375600,2.627100,0.748500,0.399965
partition_1,mol1741,CN(C)c1ccc(-c2ccccn2)nc1,4,4,3.980900,2.924100,1.056800,0.693523
partition_1,mol1742,CC1(C)CCc2c1ccc1ccc(O)cc21,4,4,3.984900,3.198600,0.786300,0.055484
partition_1,mol1743,COCOc1cc2c(cc1OC)CC1(Cc3ccc(OC)c(OC)c3C1)c1cc(OCOC)c(N3CCOCC3)cc1-2,4,4,3.824100,3.302000,0.522100,0.153229
partition_1,mol1744,CCOC(=O)CCCCN(C)c1ccc2cc(-c3ccncc3)ccc2c1,4,4,3.247500,2.551500,0.696000,0.196832
partition_1,mol1745,CCCCCCCCCCCCCCOc1cc2ccc3c4cccc5c(OCCCCCCCCCCCCCC)ccc6c(ccc(OCCCCCCCCCCCC)c(c1)c2c56)c43,4,4,2.879500,2.469700,0.409800,0.009451
partition_1,mol1746,CCCCCCCOc1ccc2cc(C#N)c(=O)oc2c1,4,4,3.762000,2.668200,1.093800,0.728226
partition_1,mol1747,Cn1nc(-c2ccc3c4ccccc4n(C)c3c2)c2ccccc21,4,4,3.770400,3.209200,0.561200,0.074869
partition_1,mol1748,O=c1cc(-c2cccs2)cc(O)o1,4,4,3.725600,2.427300,1.298300,0.240530
partition_1,mol1749,COC(=O)COc1ccc2c(=O)c(Oc3ccc(C(C)(C)C)cc3)coc2c1,4,4,3.398400,3.101900,0.296500,0.005478
partition_1,mol1750,[CH]1Nc2cc3ccccc3cc2[C@H]2C=C[C@H]12,4,4,1.981700,1.981700,0.000000,0.045331
partition_1,mol1751,COc1ccc(C2=Cc3cccc[n+]3[B-](F)(F)O2)cc1,4,4,3.477700,2.531300,0.946400,0.988642
partition_1,mol1752,OC(O)CNc1ccc(/C=C/c2ccccn2)cc1,4,4,3.769700,2.706900,1.062800,1.706894
partition_1,mol1753,CNC(=S)Nc1ccc2[nH]cnc2c1,4,4,4.275000,3.678300,0.596700,0.255017
partition_1,mol1754,CCc1cc(N2CCCC2)cc(C#N)c1C#N,4,4,3.363800,2.640300,0.723500,0.117961
partition_1,mol1755,F[B-]1(F)n2cccc2-c2cccc[n+]21,4,4,3.466900,2.609800,0.857100,0.390001
partition_1,mol1756,CC1=CCCc2cc3ccccc3cc21,4,4,3.948400,3.280300,0.668100,0.016003
partition_1,mol1757,CC1=N/C(=C\c2cc(/N=N/c3ccccc3)ccc2O)SC1,4,4,1.491300,1.474900,0.016400,0.017060
partition_1,mol1758,O=[N+]([O-])c1ccc(C#Cc2ccc3cc(OCCCCO)ccc3c2)cc1,4,4,3.685400,2.927800,0.757600,1.655428
partition_1,mol1759,COc1cc(-c2nc3ccccc3o2)cc(O)c1OC,4,4,4.011900,3.160700,0.851200,0.038246
partition_1,mol1760,[CH]1Cc2ccc(C=Nc3ccc4ccccc4c3)cc2O1,4,4,3.019800,3.019800,0.000000,0.017244
partition_1,mol1761,CCCCCN1C(=O)c2c(n(CC)c3nc4ccccc4nc23)C1=O,4,4,2.420700,1.947300,0.473400,0.034222
partition_1,mol1762,CCCOC(=O)/C=C/c1ccc(N(C)C)cc1,4,4,3.627500,2.391400,1.236100,1.332886
partition_1,mol1763,COCOc1cc(-c2nc3cc(Cl)ccc3nc2-c2ccccc2)cc(OC)c1OC,4,4,2.983800,3.008200,-0.024400,0.014601
partition_1,mol1764,CCCC(CNC(=O)OC(C)(C)C)C(=O)NCc1ccccc1,4,4,5.006400,5.034500,-0.028100,0.000641
partition_1,mol1765,CCCCC(C)COc1ccc2c(c1)oc(=O)c1c3oc4cc(F)ccc4c3c3ccccc3c21,4,4,3.295400,2.577500,0.717900,0.801791
partition_1,mol1766,COC(=O)Nc1ccccc1,4,4,4.709800,4.260800,0.449000,0.033035
partition_1,mol1767,CCCCCCCCCOc1cc2cc(C=O)c(=O)oc2cc1OC,4,4,3.058800,2.167700,0.891100,0.347314
partition_1,mol1768,O=[N+]([O-])c1ccc(F)cc1,4,4,4.066700,3.582100,0.484600,0.000202
partition_1,mol1769,[Ru][CH]1CCCC1,4,4,0.736200,0.736200,0.000000,0.000011
partition_1,mol1770,CN1Cc2c(-c3ccc(Br)cc3)c3cc(-c4ccccc4)ccn3c2C1=O,4,4,3.373800,2.805300,0.568500,0.226417
partition_1,mol1771,CN/C=C1\C=C2CC[C@@H]3[C@@H](CC[C@]4(C)[C@H]3CC[C@H]4[C@@H](C)CCC(C)C)[C@@]2(C)C1,4,4,4.356800,2.832800,1.524000,0.908221
partition_1,mol1772,CC1=CCCC1,4,4,5.396900,5.031900,0.365000,0.015883
partition_1,mol1773,COC(=O)/C=C/c1c(O)c2ccccc2n1C,4,4,3.208800,2.068300,1.140500,0.409309
partition_1,mol1774,COC(=O)CN1CCN(CC(N)=O)c2ccc(F)cc2OCCOc2cc(C)ccc21,4,4,3.954800,3.512900,0.441900,0.059959
partition_1,mol1775,CCN(C)CC,4,4,5.321300,5.303900,0.017400,0.013880
partition_1,mol1776,COc1ccc2c(-c3cn4cc(Cl)ccc4n3)c3c(cc2c1)CN(C)C3,4,4,3.783300,3.139100,0.644200,0.352625
partition_1,mol1777,CCCCCCCCC(=O)OC,4,4,6.031800,6.028300,0.003500,0.004896
partition_1,mol1778,CCCCOc1ccc(O)cc1,4,4,4.404400,3.680400,0.724000,0.096909
partition_1,mol1779,CCOC(=O)/C=C/c1ccc(N(C)C)cc1,4,4,3.636700,2.395000,1.241700,1.327799
partition_1,mol1780,CCCCCCCCCCCCCCOc1cc(NC(=O)c2ccc3[nH]c4ccccc4c(=O)c3c2)cc(OCCCCCCCCCC)c1,4,4,3.724500,2.948900,0.775600,0.176801
partition_1,mol1781,CCCCCC#CCCCCC#N,4,4,6.995100,6.992900,0.002200,0.004751
partition_1,mol1782,CNC(=O)N1Cc2c(-c3ccc(Br)cc3)c3cc(C(C)=O)ccn3c2C1=O,4,4,3.212300,2.496100,0.716200,0.313153
partition_1,mol1783,Cn1c(N)c(C#N)c2oc3ccccc3c(=O)c21,4,4,3.957700,2.899800,1.057900,0.439354
partition_1,mol1784,CCCC1(C)c2cc(P(c3ccccc3)c3ccccc3)ccc2-c2ccc(P(c3ccccc3)c3ccccc3)cc21,4,4,4.498900,3.758400,0.740500,0.994922
partition_1,mol1785,COC(=O)c1ccc(C)cc1,4,4,4.691900,4.258200,0.433700,0.017268
partition_1,mol1786,CN1C=N/C(=C\c2ccc(O)cc2)C1=O,4,4,3.414100,2.010500,1.403600,0.924944
partition_1,mol1787,CCCCCc1ccc(CCC)c2c1[C@@H](CCCCC)CC(=O)N2,4,4,4.443600,4.019800,0.423800,0.026054
partition_1,mol1788,COc1ccc2nc(-c3ccc(N)cc3)c3c(c2c1)-c1ccccc1C3,4,4,3.679900,2.954600,0.725300,0.323173
partition_1,mol1789,CN/C(=N\c1cccc(C#N)c1)c1ccccc1,4,4,3.975600,3.379100,0.596500,0.078351
partition_1,mol1790,BrC1=C(c2ccccc2)N=N1,4,4,0.626100,1.991100,-1.365000,0.023261
partition_1,mol1791,Nc1ccc(S(=O)(=O)O)cc1,4,4,4.317400,3.659100,0.658300,0.062468
partition_1,mol1792,COc1ccc2cc(/C=C/c3ccc([N+](=O)[O-])cc3)ccc2c1,4,4,3.417900,2.526300,0.891600,1.912396
partition_1,mol1793,C(#Cc1ccncc1)C1=C2C=CC=C2C=C1,4,4,0.617800,0.272100,0.345700,0.001917
partition_1,mol1794,Cc1cc(-c2ccc(-c3nc(-c4ccccc4)oc3-c3ccccc3)cc2)c(-c2ccccc2)o1,4,4,3.841500,2.946900,0.894600,0.181770
partition_1,mol1795,O=C1C=c2c(c3c(c4ccccc24)=CC=C3)O1,4,4,1.309700,0.940500,0.369200,0.018054
partition_1,mol1796,NF,4,4,6.492100,6.486000,0.006100,0.006766
partition_1,mol1797,c1ccccc1,4,4,5.175500,5.180900,-0.005400,0.000000
partition_1,mol1798,CCn1c2ccccc2c2cc(C#Cc3ccc4ccccc4c3)ccc21,4,4,3.835000,3.244300,0.590700,0.037394
partition_1,mol1799,CCCCN1c2ccccc2Sc2ccc(C(=O)C#Cc3nnn(Cc4ccccc4)n3)cc21,4,4,2.238300,1.798400,0.439900,0.137486
partition_1,mol1800,CN/C=C/C#N,4,4,4.793300,3.363000,1.430300,0.000273
partition_1,mol1801,CC1(C)C=Cc2c1ccc1ccccc21,4,4,3.863000,2.798400,1.064600,0.325664
partition_1,mol1802,CCCCCCCCCCCCCOc1ccc([B-]23OC(c4ccccc4)=N[N+]2=Cc2ccccc2O3)cc1,4,4,2.855800,2.161300,0.694500,0.409703
partition_1,mol1803,CNC1=NC2C(=O)c3cc(Cl)c4nc(-c5ccc(Br)cc5)[nH]c4c3C(=O)C2C=C1,4,4,3.325400,2.970100,0.355300,0.004355
